{
  "segments": {
    "100": "tariff-100.json",
    "101": "tariff-101.json",
    "102": "tariff-102.json",
    "103": "tariff-103.json",
    "104": "tariff-104.json",
    "105": "tariff-105.json",
    "106": "tariff-106.json",
    "110": "tariff-110.json",
    "120": "tariff-120.json",
    "121": "tariff-121.json",
    "130": "tariff-130.json",
    "140": "tariff-140.json",
    "150": "tariff-150.json",
    "151": "tariff-151.json",
    "152": "tariff-152.json",
    "160": "tariff-160.json",
    "170": "tariff-170.json",
    "180": "tariff-180.json",
    "190": "tariff-190.json",
    "200": "tariff-200.json",
    "201": "tariff-201.json",
    "202": "tariff-202.json",
    "203": "tariff-203.json",
    "204": "tariff-204.json",
    "205": "tariff-205.json",
    "206": "tariff-206.json",
    "207": "tariff-207.json",
    "208": "tariff-208.json",
    "209": "tariff-209.json",
    "210": "tariff-210.json",
    "220": "tariff-220.json",
    "230": "tariff-230.json",
    "240": "tariff-240.json",
    "250": "tariff-250.json",
    "251": "tariff-251.json",
    "252": "tariff-252.json",
    "253": "tariff-253.json",
    "260": "tariff-260.json",
    "261": "tariff-261.json",
    "262": "tariff-262.json",
    "270": "tariff-270.json",
    "271": "tariff-271.json",
    "280": "tariff-280.json",
    "281": "tariff-281.json",
    "282": "tariff-282.json",
    "283": "tariff-283.json",
    "284": "tariff-284.json",
    "285": "tariff-285.json",
    "290": "tariff-290.json",
    "291": "tariff-291.json",
    "292": "tariff-292.json",
    "293": "tariff-293.json",
    "294": "tariff-294.json",
    "300": "tariff-300.json",
    "301": "tariff-301.json",
    "302": "tariff-302.json",
    "303": "tariff-303.json",
    "304": "tariff-304.json",
    "305": "tariff-305.json",
    "306": "tariff-306.json",
    "307": "tariff-307.json",
    "308": "tariff-308.json",
    "309": "tariff-309.json",
    "310": "tariff-310.json",
    "320": "tariff-320.json",
    "321": "tariff-321.json",
    "330": "tariff-330.json",
    "340": "tariff-340.json",
    "350": "tariff-350.json",
    "360": "tariff-360.json",
    "370": "tariff-370.json",
    "380": "tariff-380.json",
    "381": "tariff-381.json",
    "382": "tariff-382.json",
    "390": "tariff-390.json",
    "391": "tariff-391.json",
    "392": "tariff-392.json",
    "400": "tariff-400.json",
    "401": "tariff-401.json",
    "402": "tariff-402.json",
    "403": "tariff-403.json",
    "404": "tariff-404.json",
    "405": "tariff-405.json",
    "406": "tariff-406.json",
    "407": "tariff-407.json",
    "408": "tariff-408.json",
    "409": "tariff-409.json",
    "410": "tariff-410.json",
    "411": "tariff-411.json",
    "420": "tariff-420.json",
    "430": "tariff-430.json",
    "440": "tariff-440.json",
    "441": "tariff-441.json",
    "442": "tariff-442.json",
    "450": "tariff-450.json",
    "460": "tariff-460.json",
    "470": "tariff-470.json",
    "480": "tariff-480.json",
    "481": "tariff-481.json",
    "482": "tariff-482.json",
    "490": "tariff-490.json",
    "491": "tariff-491.json",
    "500": "tariff-500.json",
    "501": "tariff-501.json",
    "502": "tariff-502.json",
    "504": "tariff-504.json",
    "505": "tariff-505.json",
    "506": "tariff-506.json",
    "507": "tariff-507.json",
    "508": "tariff-508.json",
    "510": "tariff-510.json",
    "511": "tariff-511.json",
    "520": "tariff-520.json",
    "521": "tariff-521.json",
    "530": "tariff-530.json",
    "531": "tariff-531.json",
    "540": "tariff-540.json",
    "550": "tariff-550.json",
    "551": "tariff-551.json",
    "560": "tariff-560.json",
    "570": "tariff-570.json",
    "580": "tariff-580.json",
    "581": "tariff-581.json",
    "590": "tariff-590.json",
    "591": "tariff-591.json",
    "600": "tariff-600.json",
    "601": "tariff-601.json",
    "602": "tariff-602.json",
    "603": "tariff-603.json",
    "604": "tariff-604.json",
    "610": "tariff-610.json",
    "611": "tariff-611.json",
    "620": "tariff-620.json",
    "621": "tariff-621.json",
    "630": "tariff-630.json",
    "631": "tariff-631.json",
    "640": "tariff-640.json",
    "650": "tariff-650.json",
    "660": "tariff-660.json",
    "670": "tariff-670.json",
    "680": "tariff-680.json",
    "681": "tariff-681.json",
    "690": "tariff-690.json",
    "691": "tariff-691.json",
    "700": "tariff-700.json",
    "701": "tariff-701.json",
    "702": "tariff-702.json",
    "703": "tariff-703.json",
    "704": "tariff-704.json",
    "705": "tariff-705.json",
    "706": "tariff-706.json",
    "707": "tariff-707.json",
    "708": "tariff-708.json",
    "709": "tariff-709.json",
    "710": "tariff-710.json",
    "711": "tariff-711.json",
    "712": "tariff-712.json",
    "713": "tariff-713.json",
    "714": "tariff-714.json",
    "720": "tariff-720.json",
    "721": "tariff-721.json",
    "722": "tariff-722.json",
    "730": "tariff-730.json",
    "731": "tariff-731.json",
    "732": "tariff-732.json",
    "740": "tariff-740.json",
    "741": "tariff-741.json",
    "750": "tariff-750.json",
    "760": "tariff-760.json",
    "761": "tariff-761.json",
    "780": "tariff-780.json",
    "790": "tariff-790.json",
    "800": "tariff-800.json",
    "801": "tariff-801.json",
    "802": "tariff-802.json",
    "803": "tariff-803.json",
    "804": "tariff-804.json",
    "805": "tariff-805.json",
    "806": "tariff-806.json",
    "807": "tariff-807.json",
    "808": "tariff-808.json",
    "809": "tariff-809.json",
    "810": "tariff-810.json",
    "811": "tariff-811.json",
    "812": "tariff-812.json",
    "813": "tariff-813.json",
    "814": "tariff-814.json",
    "820": "tariff-820.json",
    "821": "tariff-821.json",
    "830": "tariff-830.json",
    "831": "tariff-831.json",
    "840": "tariff-840.json",
    "841": "tariff-841.json",
    "842": "tariff-842.json",
    "843": "tariff-843.json",
    "844": "tariff-844.json",
    "845": "tariff-845.json",
    "846": "tariff-846.json",
    "847": "tariff-847.json",
    "848": "tariff-848.json",
    "850": "tariff-850.json",
    "851": "tariff-851.json",
    "852": "tariff-852.json",
    "853": "tariff-853.json",
    "854": "tariff-854.json",
    "860": "tariff-860.json",
    "870": "tariff-870.json",
    "871": "tariff-871.json",
    "880": "tariff-880.json",
    "890": "tariff-890.json",
    "900": "tariff-900.json",
    "901": "tariff-901.json",
    "902": "tariff-902.json",
    "903": "tariff-903.json",
    "904": "tariff-904.json",
    "905": "tariff-905.json",
    "906": "tariff-906.json",
    "907": "tariff-907.json",
    "908": "tariff-908.json",
    "909": "tariff-909.json",
    "910": "tariff-910.json",
    "911": "tariff-911.json",
    "920": "tariff-920.json",
    "930": "tariff-930.json",
    "940": "tariff-940.json",
    "950": "tariff-950.json",
    "960": "tariff-960.json",
    "961": "tariff-961.json",
    "962": "tariff-962.json",
    "970": "tariff-970.json",
    "980": "tariff-980.json",
    "981": "tariff-981.json",
    "982": "tariff-982.json",
    "990": "tariff-990.json",
    "991": "tariff-991.json",
    "992": "tariff-992.json",
    "999": "tariff-999.json"
  },
  "metadata": {
    "totalEntries": 12935,
    "lastUpdated": "2025-06-29",
    "segmentationDate": "2025-06-29T18:28:10.767Z",
    "hts_revision": "Revision 15"
  }
}