{
  "segment": "681",
  "description": "HTS codes starting with 681",
  "count": 31,
  "entries": [
    {
      "hts8": "68101100",
      "brief_description": "Building blocks and bricks, of cement, concrete or artificial stone, whether or not reinforced",
      "is_chapter_99": false,
      "wto_binding_code": "B",
      "mfn_text_rate": "3.2%",
      "mfn_rate_type_code": "7",
      "col2_text_rate": "30%",
      "col2_rate_type_code": "7",
      "begin_effect_date": "2020-07-01",
      "end_effective_date": "2050-12-31",
      "mfn_ad_val_rate": 0.032,
      "is_special_provision": false,
      "mfn_specific_rate": 0,
      "mfn_other_rate": 0,
      "col2_ad_val_rate": 0.3,
      "col2_specific_rate": 0,
      "col2_other_rate": 0,
      "ntr_suspended_countries": [
        "RU",
        "BY"
      ],
      "has_special_trade_action": true,
      "trade_action_rate": 30,
      "trade_action_countries": [],
      "trade_action_label": "Trade Action Tariff (30.0%)",
      "available_programs": [
        {
          "program_key": "cbi",
          "program_name": "Caribbean Basin",
          "rate": 0
        },
        {
          "program_key": "jordan",
          "program_name": "Jordan FTA",
          "rate": 0
        },
        {
          "program_key": "singapore",
          "program_name": "Singapore FTA",
          "rate": 0
        },
        {
          "program_key": "chile",
          "program_name": "Chile FTA",
          "rate": 0
        },
        {
          "program_key": "morocco",
          "program_name": "Morocco FTA",
          "rate": 0
        },
        {
          "program_key": "australia",
          "program_name": "Australia FTA",
          "rate": 0
        },
        {
          "program_key": "bahrain",
          "program_name": "Bahrain FTA",
          "rate": 0
        },
        {
          "program_key": "dr_cafta",
          "program_name": "CAFTA-DR",
          "rate": 0
        },
        {
          "program_key": "oman",
          "program_name": "Oman FTA",
          "rate": 0
        },
        {
          "program_key": "peru",
          "program_name": "Peru TPA",
          "rate": 0
        },
        {
          "program_key": "korea",
          "program_name": "Korea FTA",
          "rate": 0
        },
        {
          "program_key": "colombia",
          "program_name": "Colombia TPA",
          "rate": 0
        },
        {
          "program_key": "panama",
          "program_name": "Panama TPA",
          "rate": 0
        },
        {
          "program_key": "usmca",
          "program_name": "USMCA",
          "rate": 0
        }
      ],
      "gsp_indicator": "A",
      "mexico_rate_type_code": "0",
      "mexico_specific_rate": "0.0",
      "cbi_indicator": "E",
      "cbi_ad_val_rate": 0,
      "cbi_specific_rate": "0.0",
      "agoa_indicator": "D",
      "israel_fta_indicator": "IL",
      "jordan_indicator": "JO",
      "jordan_ad_val_rate": 0,
      "jordan_rate_type_code": "0.0",
      "jordan_specific_rate": "0.0",
      "jordan_other_rate": "0.0",
      "singapore_indicator": "SG",
      "singapore_ad_val_rate": 0,
      "singapore_rate_type_code": "0.0",
      "singapore_specific_rate": "0.0",
      "singapore_other_rate": "0.0",
      "chile_indicator": "CL",
      "chile_ad_val_rate": 0,
      "chile_rate_type_code": "0.0",
      "chile_specific_rate": "0.0",
      "chile_other_rate": "0.0",
      "morocco_indicator": "MA",
      "morocco_ad_val_rate": 0,
      "morocco_rate_type_code": "0.0",
      "morocco_specific_rate": "0.0",
      "morocco_other_rate": "0.0",
      "australia_indicator": "AU",
      "australia_ad_val_rate": 0,
      "australia_rate_type_code": "0.0",
      "australia_specific_rate": "0.0",
      "australia_other_rate": "0.0",
      "bahrain_indicator": "BH",
      "bahrain_ad_val_rate": 0,
      "bahrain_rate_type_code": "0",
      "bahrain_specific_rate": "0.0",
      "bahrain_other_rate": "0.0",
      "dr_cafta_indicator": "P",
      "dr_cafta_ad_val_rate": 0,
      "dr_cafta_rate_type_code": "0",
      "dr_cafta_specific_rate": "0.0",
      "dr_cafta_other_rate": "0.0",
      "oman_indicator": "OM",
      "oman_ad_val_rate": 0,
      "oman_rate_type_code": "0.0",
      "oman_specific_rate": "0.0",
      "oman_other_rate": "0.0",
      "peru_indicator": "PE",
      "peru_ad_val_rate": 0,
      "peru_rate_type_code": "0.0",
      "peru_specific_rate": "0.0",
      "peru_other_rate": "0.0",
      "korea_indicator": "KR",
      "korea_ad_val_rate": 0,
      "korea_rate_type_code": "0.0",
      "korea_specific_rate": "0.0",
      "korea_other_rate": "0.0",
      "colombia_indicator": "CO",
      "colombia_ad_val_rate": 0,
      "colombia_rate_type_code": "0.0",
      "colombia_specific_rate": "0.0",
      "colombia_other_rate": "0.0",
      "panama_indicator": "PA",
      "panama_ad_val_rate": 0,
      "panama_rate_type_code": "0",
      "panama_specific_rate": "0.0",
      "panama_other_rate": "0.0",
      "usmca_indicator": "S",
      "usmca_ad_val_rate": 0,
      "usmca_rate_type_code": "0.0",
      "usmca_specific_rate": "0.0",
      "usmca_other_rate": "0.0",
      "additive_duties": [
        {
          "type": "section_301",
          "name": "Section 301 - China Trade",
          "rate": 25,
          "countries": [
            "CN"
          ],
          "label": "Section 301 (25.0%)"
        }
      ]
    },
    {
      "hts8": "68101912",
      "brief_description": "Floor and wall tiles, of stone agglomerated with binders other than cement",
      "is_chapter_99": false,
      "quantity_1_code": "M2",
      "wto_binding_code": "B",
      "mfn_text_rate": "4.9%",
      "mfn_rate_type_code": "7",
      "col2_text_rate": "40%",
      "col2_rate_type_code": "7",
      "begin_effect_date": "2020-07-01",
      "end_effective_date": "2050-12-31",
      "mfn_ad_val_rate": 0.049,
      "is_special_provision": false,
      "mfn_specific_rate": 0,
      "mfn_other_rate": 0,
      "col2_ad_val_rate": 0.4,
      "col2_specific_rate": 0,
      "col2_other_rate": 0,
      "ntr_suspended_countries": [
        "RU",
        "BY"
      ],
      "has_special_trade_action": true,
      "trade_action_rate": 40,
      "trade_action_countries": [],
      "trade_action_label": "Trade Action Tariff (40.0%)",
      "available_programs": [
        {
          "program_key": "cbi",
          "program_name": "Caribbean Basin",
          "rate": 0
        },
        {
          "program_key": "jordan",
          "program_name": "Jordan FTA",
          "rate": 0
        },
        {
          "program_key": "singapore",
          "program_name": "Singapore FTA",
          "rate": 0
        },
        {
          "program_key": "chile",
          "program_name": "Chile FTA",
          "rate": 0
        },
        {
          "program_key": "morocco",
          "program_name": "Morocco FTA",
          "rate": 0
        },
        {
          "program_key": "australia",
          "program_name": "Australia FTA",
          "rate": 0
        },
        {
          "program_key": "bahrain",
          "program_name": "Bahrain FTA",
          "rate": 0
        },
        {
          "program_key": "dr_cafta",
          "program_name": "CAFTA-DR",
          "rate": 0
        },
        {
          "program_key": "oman",
          "program_name": "Oman FTA",
          "rate": 0
        },
        {
          "program_key": "peru",
          "program_name": "Peru TPA",
          "rate": 0
        },
        {
          "program_key": "korea",
          "program_name": "Korea FTA",
          "rate": 0
        },
        {
          "program_key": "colombia",
          "program_name": "Colombia TPA",
          "rate": 0
        },
        {
          "program_key": "panama",
          "program_name": "Panama TPA",
          "rate": 0
        },
        {
          "program_key": "usmca",
          "program_name": "USMCA",
          "rate": 0
        }
      ],
      "gsp_indicator": "A",
      "mexico_rate_type_code": "0",
      "mexico_specific_rate": "0.0",
      "cbi_indicator": "E",
      "cbi_ad_val_rate": 0,
      "cbi_specific_rate": "0.0",
      "agoa_indicator": "D",
      "israel_fta_indicator": "IL",
      "jordan_indicator": "JO",
      "jordan_ad_val_rate": 0,
      "jordan_rate_type_code": "0.0",
      "jordan_specific_rate": "0.0",
      "jordan_other_rate": "0.0",
      "singapore_indicator": "SG",
      "singapore_ad_val_rate": 0,
      "singapore_rate_type_code": "0.0",
      "singapore_specific_rate": "0.0",
      "singapore_other_rate": "0.0",
      "chile_indicator": "CL",
      "chile_ad_val_rate": 0,
      "chile_rate_type_code": "0.0",
      "chile_specific_rate": "0.0",
      "chile_other_rate": "0.0",
      "morocco_indicator": "MA",
      "morocco_ad_val_rate": 0,
      "morocco_rate_type_code": "0.0",
      "morocco_specific_rate": "0.0",
      "morocco_other_rate": "0.0",
      "australia_indicator": "AU",
      "australia_ad_val_rate": 0,
      "australia_rate_type_code": "0.0",
      "australia_specific_rate": "0.0",
      "australia_other_rate": "0.0",
      "bahrain_indicator": "BH",
      "bahrain_ad_val_rate": 0,
      "bahrain_rate_type_code": "0",
      "bahrain_specific_rate": "0.0",
      "bahrain_other_rate": "0.0",
      "dr_cafta_indicator": "P",
      "dr_cafta_ad_val_rate": 0,
      "dr_cafta_rate_type_code": "0",
      "dr_cafta_specific_rate": "0.0",
      "dr_cafta_other_rate": "0.0",
      "oman_indicator": "OM",
      "oman_ad_val_rate": 0,
      "oman_rate_type_code": "0.0",
      "oman_specific_rate": "0.0",
      "oman_other_rate": "0.0",
      "peru_indicator": "PE",
      "peru_ad_val_rate": 0,
      "peru_rate_type_code": "0.0",
      "peru_specific_rate": "0.0",
      "peru_other_rate": "0.0",
      "korea_indicator": "KR",
      "korea_ad_val_rate": 0,
      "korea_rate_type_code": "0.0",
      "korea_specific_rate": "0.0",
      "korea_other_rate": "0.0",
      "colombia_indicator": "CO",
      "colombia_ad_val_rate": 0,
      "colombia_rate_type_code": "0.0",
      "colombia_specific_rate": "0.0",
      "colombia_other_rate": "0.0",
      "panama_indicator": "PA",
      "panama_ad_val_rate": 0,
      "panama_rate_type_code": "0",
      "panama_specific_rate": "0.0",
      "panama_other_rate": "0.0",
      "usmca_indicator": "S",
      "usmca_ad_val_rate": 0,
      "usmca_rate_type_code": "0.0",
      "usmca_specific_rate": "0.0",
      "usmca_other_rate": "0.0",
      "additive_duties": [
        {
          "type": "section_301",
          "name": "Section 301 - China Trade",
          "rate": 25,
          "countries": [
            "CN"
          ],
          "label": "Section 301 (25.0%)"
        }
      ]
    },
    {
      "hts8": "68101914",
      "brief_description": "Floor and wall tiles, of cement, concrete, or of artificial stone (except stone agglom. w/binders other than cement)",
      "is_chapter_99": false,
      "quantity_1_code": "M2",
      "wto_binding_code": "B",
      "mfn_text_rate": "9%",
      "mfn_rate_type_code": "7",
      "col2_text_rate": "55%",
      "col2_rate_type_code": "7",
      "begin_effect_date": "2020-07-01",
      "end_effective_date": "2050-12-31",
      "mfn_ad_val_rate": 0.09,
      "is_special_provision": false,
      "mfn_specific_rate": 0,
      "mfn_other_rate": 0,
      "col2_ad_val_rate": 0.55,
      "col2_specific_rate": 0,
      "col2_other_rate": 0,
      "ntr_suspended_countries": [
        "RU",
        "BY"
      ],
      "has_special_trade_action": true,
      "trade_action_rate": 55.00000000000001,
      "trade_action_countries": [],
      "trade_action_label": "Trade Action Tariff (55.00000000000001%)",
      "available_programs": [
        {
          "program_key": "cbi",
          "program_name": "Caribbean Basin",
          "rate": 0
        },
        {
          "program_key": "jordan",
          "program_name": "Jordan FTA",
          "rate": 0
        },
        {
          "program_key": "singapore",
          "program_name": "Singapore FTA",
          "rate": 0
        },
        {
          "program_key": "chile",
          "program_name": "Chile FTA",
          "rate": 0
        },
        {
          "program_key": "morocco",
          "program_name": "Morocco FTA",
          "rate": 0
        },
        {
          "program_key": "australia",
          "program_name": "Australia FTA",
          "rate": 0
        },
        {
          "program_key": "bahrain",
          "program_name": "Bahrain FTA",
          "rate": 0
        },
        {
          "program_key": "dr_cafta",
          "program_name": "CAFTA-DR",
          "rate": 0
        },
        {
          "program_key": "oman",
          "program_name": "Oman FTA",
          "rate": 0
        },
        {
          "program_key": "peru",
          "program_name": "Peru TPA",
          "rate": 0
        },
        {
          "program_key": "korea",
          "program_name": "Korea FTA",
          "rate": 0
        },
        {
          "program_key": "colombia",
          "program_name": "Colombia TPA",
          "rate": 0
        },
        {
          "program_key": "panama",
          "program_name": "Panama TPA",
          "rate": 0
        },
        {
          "program_key": "usmca",
          "program_name": "USMCA",
          "rate": 0
        }
      ],
      "gsp_indicator": "A",
      "mexico_rate_type_code": "0",
      "mexico_specific_rate": "0.0",
      "cbi_indicator": "E",
      "cbi_ad_val_rate": 0,
      "cbi_specific_rate": "0.0",
      "agoa_indicator": "D",
      "israel_fta_indicator": "IL",
      "jordan_indicator": "JO",
      "jordan_ad_val_rate": 0,
      "jordan_rate_type_code": "0.0",
      "jordan_specific_rate": "0.0",
      "jordan_other_rate": "0.0",
      "singapore_indicator": "SG",
      "singapore_ad_val_rate": 0,
      "singapore_rate_type_code": "0.0",
      "singapore_specific_rate": "0.0",
      "singapore_other_rate": "0.0",
      "chile_indicator": "CL",
      "chile_ad_val_rate": 0,
      "chile_rate_type_code": "0.0",
      "chile_specific_rate": "0.0",
      "chile_other_rate": "0.0",
      "morocco_indicator": "MA",
      "morocco_ad_val_rate": 0,
      "morocco_rate_type_code": "0.0",
      "morocco_specific_rate": "0.0",
      "morocco_other_rate": "0.0",
      "australia_indicator": "AU",
      "australia_ad_val_rate": 0,
      "australia_rate_type_code": "0.0",
      "australia_specific_rate": "0.0",
      "australia_other_rate": "0.0",
      "bahrain_indicator": "BH",
      "bahrain_ad_val_rate": 0,
      "bahrain_rate_type_code": "0",
      "bahrain_specific_rate": "0.0",
      "bahrain_other_rate": "0.0",
      "dr_cafta_indicator": "P",
      "dr_cafta_ad_val_rate": 0,
      "dr_cafta_rate_type_code": "0",
      "dr_cafta_specific_rate": "0.0",
      "dr_cafta_other_rate": "0.0",
      "oman_indicator": "OM",
      "oman_ad_val_rate": 0,
      "oman_rate_type_code": "0.0",
      "oman_specific_rate": "0.0",
      "oman_other_rate": "0.0",
      "peru_indicator": "PE",
      "peru_ad_val_rate": 0,
      "peru_rate_type_code": "0.0",
      "peru_specific_rate": "0.0",
      "peru_other_rate": "0.0",
      "korea_indicator": "KR",
      "korea_ad_val_rate": 0,
      "korea_rate_type_code": "0.0",
      "korea_specific_rate": "0.0",
      "korea_other_rate": "0.0",
      "colombia_indicator": "CO",
      "colombia_ad_val_rate": 0,
      "colombia_rate_type_code": "0.0",
      "colombia_specific_rate": "0.0",
      "colombia_other_rate": "0.0",
      "panama_indicator": "PA",
      "panama_ad_val_rate": 0,
      "panama_rate_type_code": "0",
      "panama_specific_rate": "0.0",
      "panama_other_rate": "0.0",
      "usmca_indicator": "S",
      "usmca_ad_val_rate": 0,
      "usmca_rate_type_code": "0.0",
      "usmca_specific_rate": "0.0",
      "usmca_other_rate": "0.0",
      "additive_duties": [
        {
          "type": "section_301",
          "name": "Section 301 - China Trade",
          "rate": 25,
          "countries": [
            "CN"
          ],
          "label": "Section 301 (25.0%)"
        }
      ]
    },
    {
      "hts8": "68101950",
      "brief_description": "Tiles, flagstones, and similar articles, nesoi, of cement, concrete or artificial stone, whether or not reinforced",
      "is_chapter_99": false,
      "quantity_1_code": "T",
      "wto_binding_code": "B",
      "mfn_text_rate": "3.9%",
      "mfn_rate_type_code": "7",
      "col2_text_rate": "30%",
      "col2_rate_type_code": "7",
      "begin_effect_date": "2020-07-01",
      "end_effective_date": "2050-12-31",
      "mfn_ad_val_rate": 0.039,
      "is_special_provision": false,
      "mfn_specific_rate": 0,
      "mfn_other_rate": 0,
      "col2_ad_val_rate": 0.3,
      "col2_specific_rate": 0,
      "col2_other_rate": 0,
      "ntr_suspended_countries": [
        "RU",
        "BY"
      ],
      "has_special_trade_action": true,
      "trade_action_rate": 30,
      "trade_action_countries": [],
      "trade_action_label": "Trade Action Tariff (30.0%)",
      "available_programs": [
        {
          "program_key": "cbi",
          "program_name": "Caribbean Basin",
          "rate": 0
        },
        {
          "program_key": "jordan",
          "program_name": "Jordan FTA",
          "rate": 0
        },
        {
          "program_key": "singapore",
          "program_name": "Singapore FTA",
          "rate": 0
        },
        {
          "program_key": "chile",
          "program_name": "Chile FTA",
          "rate": 0
        },
        {
          "program_key": "morocco",
          "program_name": "Morocco FTA",
          "rate": 0
        },
        {
          "program_key": "australia",
          "program_name": "Australia FTA",
          "rate": 0
        },
        {
          "program_key": "bahrain",
          "program_name": "Bahrain FTA",
          "rate": 0
        },
        {
          "program_key": "dr_cafta",
          "program_name": "CAFTA-DR",
          "rate": 0
        },
        {
          "program_key": "oman",
          "program_name": "Oman FTA",
          "rate": 0
        },
        {
          "program_key": "peru",
          "program_name": "Peru TPA",
          "rate": 0
        },
        {
          "program_key": "korea",
          "program_name": "Korea FTA",
          "rate": 0
        },
        {
          "program_key": "colombia",
          "program_name": "Colombia TPA",
          "rate": 0
        },
        {
          "program_key": "panama",
          "program_name": "Panama TPA",
          "rate": 0
        },
        {
          "program_key": "usmca",
          "program_name": "USMCA",
          "rate": 0
        }
      ],
      "gsp_indicator": "A",
      "mexico_rate_type_code": "0",
      "mexico_specific_rate": "0.0",
      "cbi_indicator": "E",
      "cbi_ad_val_rate": 0,
      "cbi_specific_rate": "0.0",
      "agoa_indicator": "D",
      "israel_fta_indicator": "IL",
      "jordan_indicator": "JO",
      "jordan_ad_val_rate": 0,
      "jordan_rate_type_code": "0.0",
      "jordan_specific_rate": "0.0",
      "jordan_other_rate": "0.0",
      "singapore_indicator": "SG",
      "singapore_ad_val_rate": 0,
      "singapore_rate_type_code": "0.0",
      "singapore_specific_rate": "0.0",
      "singapore_other_rate": "0.0",
      "chile_indicator": "CL",
      "chile_ad_val_rate": 0,
      "chile_rate_type_code": "0.0",
      "chile_specific_rate": "0.0",
      "chile_other_rate": "0.0",
      "morocco_indicator": "MA",
      "morocco_ad_val_rate": 0,
      "morocco_rate_type_code": "0.0",
      "morocco_specific_rate": "0.0",
      "morocco_other_rate": "0.0",
      "australia_indicator": "AU",
      "australia_ad_val_rate": 0,
      "australia_rate_type_code": "0.0",
      "australia_specific_rate": "0.0",
      "australia_other_rate": "0.0",
      "bahrain_indicator": "BH",
      "bahrain_ad_val_rate": 0,
      "bahrain_rate_type_code": "0",
      "bahrain_specific_rate": "0.0",
      "bahrain_other_rate": "0.0",
      "dr_cafta_indicator": "P",
      "dr_cafta_ad_val_rate": 0,
      "dr_cafta_rate_type_code": "0",
      "dr_cafta_specific_rate": "0.0",
      "dr_cafta_other_rate": "0.0",
      "oman_indicator": "OM",
      "oman_ad_val_rate": 0,
      "oman_rate_type_code": "0.0",
      "oman_specific_rate": "0.0",
      "oman_other_rate": "0.0",
      "peru_indicator": "PE",
      "peru_ad_val_rate": 0,
      "peru_rate_type_code": "0.0",
      "peru_specific_rate": "0.0",
      "peru_other_rate": "0.0",
      "korea_indicator": "KR",
      "korea_ad_val_rate": 0,
      "korea_rate_type_code": "0.0",
      "korea_specific_rate": "0.0",
      "korea_other_rate": "0.0",
      "colombia_indicator": "CO",
      "colombia_ad_val_rate": 0,
      "colombia_rate_type_code": "0.0",
      "colombia_specific_rate": "0.0",
      "colombia_other_rate": "0.0",
      "panama_indicator": "PA",
      "panama_ad_val_rate": 0,
      "panama_rate_type_code": "0",
      "panama_specific_rate": "0.0",
      "panama_other_rate": "0.0",
      "usmca_indicator": "S",
      "usmca_ad_val_rate": 0,
      "usmca_rate_type_code": "0.0",
      "usmca_specific_rate": "0.0",
      "usmca_other_rate": "0.0",
      "additive_duties": [
        {
          "type": "section_301",
          "name": "Section 301 - China Trade",
          "rate": 25,
          "countries": [
            "CN"
          ],
          "label": "Section 301 (25.0%)"
        }
      ]
    },
    {
      "hts8": "68109100",
      "brief_description": "Prefabricated structural components for building or civil engineering,  of cement, concrete or artificial stone, nesoi",
      "is_chapter_99": false,
      "quantity_1_code": "T",
      "wto_binding_code": "B",
      "mfn_text_rate": "Free",
      "mfn_rate_type_code": "0",
      "col2_text_rate": "30%",
      "col2_rate_type_code": "7",
      "begin_effect_date": "1999-01-01",
      "end_effective_date": "2050-12-31",
      "mfn_ad_val_rate": 0,
      "is_special_provision": false,
      "mfn_specific_rate": 0,
      "mfn_other_rate": 0,
      "col2_ad_val_rate": 0.3,
      "col2_specific_rate": 0,
      "col2_other_rate": 0,
      "ntr_suspended_countries": [
        "RU",
        "BY"
      ],
      "has_special_trade_action": true,
      "trade_action_rate": 30,
      "trade_action_countries": [],
      "trade_action_label": "Trade Action Tariff (30.0%)",
      "available_programs": [],
      "additive_duties": [
        {
          "type": "section_301",
          "name": "Section 301 - China Trade",
          "rate": 25,
          "countries": [
            "CN"
          ],
          "label": "Section 301 (25.0%)"
        }
      ]
    },
    {
      "hts8": "68109900",
      "brief_description": "Articles of cement (other than tiles, flagstones, bricks and similar arts.), of concrete or artificial stone, nesoi",
      "is_chapter_99": false,
      "wto_binding_code": "B",
      "mfn_text_rate": "Free",
      "mfn_rate_type_code": "0",
      "col2_text_rate": "30%",
      "col2_rate_type_code": "7",
      "begin_effect_date": "1999-01-01",
      "end_effective_date": "2050-12-31",
      "mfn_ad_val_rate": 0,
      "is_special_provision": false,
      "mfn_specific_rate": 0,
      "mfn_other_rate": 0,
      "col2_ad_val_rate": 0.3,
      "col2_specific_rate": 0,
      "col2_other_rate": 0,
      "ntr_suspended_countries": [
        "RU",
        "BY"
      ],
      "has_special_trade_action": true,
      "trade_action_rate": 30,
      "trade_action_countries": [],
      "trade_action_label": "Trade Action Tariff (30.0%)",
      "available_programs": [],
      "additive_duties": [
        {
          "type": "section_301",
          "name": "Section 301 - China Trade",
          "rate": 25,
          "countries": [
            "CN"
          ],
          "label": "Section 301 (25.0%)"
        }
      ]
    },
    {
      "hts8": "68114000",
      "brief_description": "Articles of asbestos-cement",
      "is_chapter_99": false,
      "quantity_1_code": "KG",
      "wto_binding_code": "B",
      "mfn_text_rate": "Free",
      "mfn_rate_type_code": "0",
      "col2_text_rate": "2.2 cents/kg",
      "col2_rate_type_code": "1",
      "begin_effect_date": "2007-01-01",
      "end_effective_date": "2050-12-31",
      "mfn_ad_val_rate": 0,
      "is_special_provision": false,
      "mfn_specific_rate": 0,
      "mfn_other_rate": 0,
      "col2_ad_val_rate": 0,
      "col2_specific_rate": 0.022,
      "col2_other_rate": 0,
      "available_programs": [],
      "additive_duties": [
        {
          "type": "section_301",
          "name": "Section 301 - China Trade",
          "rate": 25,
          "countries": [
            "CN"
          ],
          "label": "Section 301 (25.0%)"
        }
      ]
    },
    {
      "hts8": "68118100",
      "brief_description": "Corrugated sheets, of cellulose fiber-cement or the like (not containing asbestos)",
      "is_chapter_99": false,
      "quantity_1_code": "KG",
      "wto_binding_code": "B",
      "mfn_text_rate": "Free",
      "mfn_rate_type_code": "0",
      "col2_text_rate": "2.2 cents/kg",
      "col2_rate_type_code": "1",
      "begin_effect_date": "2007-01-01",
      "end_effective_date": "2050-12-31",
      "mfn_ad_val_rate": 0,
      "is_special_provision": false,
      "mfn_specific_rate": 0,
      "mfn_other_rate": 0,
      "col2_ad_val_rate": 0,
      "col2_specific_rate": 0.022,
      "col2_other_rate": 0,
      "available_programs": [],
      "additive_duties": [
        {
          "type": "section_301",
          "name": "Section 301 - China Trade",
          "rate": 25,
          "countries": [
            "CN"
          ],
          "label": "Section 301 (25.0%)"
        }
      ]
    },
    {
      "hts8": "68118200",
      "brief_description": "Sheets (other than corrugated), panels, tiles and similar articles of cellulose-fiber cement or the like (not containing asbestos)",
      "is_chapter_99": false,
      "quantity_1_code": "KG",
      "wto_binding_code": "B",
      "mfn_text_rate": "Free",
      "mfn_rate_type_code": "0",
      "col2_text_rate": "2.2 cents/kg",
      "col2_rate_type_code": "1",
      "begin_effect_date": "2007-01-01",
      "end_effective_date": "2050-12-31",
      "mfn_ad_val_rate": 0,
      "is_special_provision": false,
      "mfn_specific_rate": 0,
      "mfn_other_rate": 0,
      "col2_ad_val_rate": 0,
      "col2_specific_rate": 0.022,
      "col2_other_rate": 0,
      "available_programs": [],
      "additive_duties": [
        {
          "type": "section_301",
          "name": "Section 301 - China Trade",
          "rate": 25,
          "countries": [
            "CN"
          ],
          "label": "Section 301 (25.0%)"
        }
      ]
    },
    {
      "hts8": "68118910",
      "brief_description": "Tubes, pipes and tube or pipe fittings, of cellulose fiber-cement or the like (not containing asbestos)",
      "is_chapter_99": false,
      "quantity_1_code": "KG",
      "wto_binding_code": "B",
      "mfn_text_rate": "Free",
      "mfn_rate_type_code": "0",
      "col2_text_rate": "1.7 cents/kg",
      "col2_rate_type_code": "1",
      "begin_effect_date": "2012-02-03",
      "end_effective_date": "2050-12-31",
      "mfn_ad_val_rate": 0,
      "is_special_provision": false,
      "mfn_specific_rate": 0,
      "mfn_other_rate": 0,
      "col2_ad_val_rate": 0,
      "col2_specific_rate": 0.017,
      "col2_other_rate": 0,
      "available_programs": [],
      "additive_duties": [
        {
          "type": "section_301",
          "name": "Section 301 - China Trade",
          "rate": 25,
          "countries": [
            "CN"
          ],
          "label": "Section 301 (25.0%)"
        }
      ]
    },
    {
      "hts8": "68118990",
      "brief_description": "Articles of cellulose fiber-cement or the like (not containing asbestos), nesoi",
      "is_chapter_99": false,
      "quantity_1_code": "KG",
      "wto_binding_code": "B",
      "mfn_text_rate": "Free",
      "mfn_rate_type_code": "0",
      "col2_text_rate": "2.2 cents/kg",
      "col2_rate_type_code": "1",
      "begin_effect_date": "2012-02-03",
      "end_effective_date": "2050-12-31",
      "mfn_ad_val_rate": 0,
      "is_special_provision": false,
      "mfn_specific_rate": 0,
      "mfn_other_rate": 0,
      "col2_ad_val_rate": 0,
      "col2_specific_rate": 0.022,
      "col2_other_rate": 0,
      "available_programs": [],
      "additive_duties": [
        {
          "type": "section_301",
          "name": "Section 301 - China Trade",
          "rate": 25,
          "countries": [
            "CN"
          ],
          "label": "Section 301 (25.0%)"
        }
      ]
    },
    {
      "hts8": "68128010",
      "brief_description": "Footwear of crocidolite",
      "is_chapter_99": false,
      "quantity_1_code": "KG",
      "wto_binding_code": "B",
      "mfn_text_rate": "8.3%",
      "mfn_rate_type_code": "7",
      "col2_text_rate": "35%",
      "col2_rate_type_code": "7",
      "begin_effect_date": "2020-07-01",
      "end_effective_date": "2050-12-31",
      "mfn_ad_val_rate": 0.083,
      "is_special_provision": false,
      "mfn_specific_rate": 0,
      "mfn_other_rate": 0,
      "col2_ad_val_rate": 0.35,
      "col2_specific_rate": 0,
      "col2_other_rate": 0,
      "ntr_suspended_countries": [
        "RU",
        "BY"
      ],
      "has_special_trade_action": true,
      "trade_action_rate": 35,
      "trade_action_countries": [],
      "trade_action_label": "Trade Action Tariff (35.0%)",
      "available_programs": [
        {
          "program_key": "cbi",
          "program_name": "Caribbean Basin",
          "rate": 0
        },
        {
          "program_key": "jordan",
          "program_name": "Jordan FTA",
          "rate": 0
        },
        {
          "program_key": "singapore",
          "program_name": "Singapore FTA",
          "rate": 0
        },
        {
          "program_key": "chile",
          "program_name": "Chile FTA",
          "rate": 0
        },
        {
          "program_key": "morocco",
          "program_name": "Morocco FTA",
          "rate": 0
        },
        {
          "program_key": "australia",
          "program_name": "Australia FTA",
          "rate": 0
        },
        {
          "program_key": "bahrain",
          "program_name": "Bahrain FTA",
          "rate": 0
        },
        {
          "program_key": "dr_cafta",
          "program_name": "CAFTA-DR",
          "rate": 0
        },
        {
          "program_key": "oman",
          "program_name": "Oman FTA",
          "rate": 0
        },
        {
          "program_key": "peru",
          "program_name": "Peru TPA",
          "rate": 0
        },
        {
          "program_key": "korea",
          "program_name": "Korea FTA",
          "rate": 0
        },
        {
          "program_key": "colombia",
          "program_name": "Colombia TPA",
          "rate": 0
        },
        {
          "program_key": "panama",
          "program_name": "Panama TPA",
          "rate": 0
        },
        {
          "program_key": "usmca",
          "program_name": "USMCA",
          "rate": 0
        }
      ],
      "mexico_rate_type_code": "0",
      "mexico_specific_rate": "0.0",
      "cbi_indicator": "E",
      "cbi_ad_val_rate": 0,
      "cbi_specific_rate": "0.0",
      "agoa_indicator": "D",
      "israel_fta_indicator": "IL",
      "jordan_indicator": "JO",
      "jordan_ad_val_rate": 0,
      "jordan_rate_type_code": "0.0",
      "jordan_specific_rate": "0.0",
      "jordan_other_rate": "0.0",
      "singapore_indicator": "SG",
      "singapore_ad_val_rate": 0,
      "singapore_rate_type_code": "0.0",
      "singapore_specific_rate": "0.0",
      "singapore_other_rate": "0.0",
      "chile_indicator": "CL",
      "chile_ad_val_rate": 0,
      "chile_rate_type_code": "0.0",
      "chile_specific_rate": "0.0",
      "chile_other_rate": "0.0",
      "morocco_indicator": "MA",
      "morocco_ad_val_rate": 0,
      "morocco_rate_type_code": "0.0",
      "morocco_specific_rate": "0.0",
      "morocco_other_rate": "0.0",
      "australia_indicator": "AU",
      "australia_ad_val_rate": 0,
      "australia_rate_type_code": "0.0",
      "australia_specific_rate": "0.0",
      "australia_other_rate": "0.0",
      "bahrain_indicator": "BH",
      "bahrain_ad_val_rate": 0,
      "bahrain_rate_type_code": "0",
      "bahrain_specific_rate": "0.0",
      "bahrain_other_rate": "0.0",
      "dr_cafta_indicator": "P",
      "dr_cafta_ad_val_rate": 0,
      "dr_cafta_rate_type_code": "0",
      "dr_cafta_specific_rate": "0.0",
      "dr_cafta_other_rate": "0.0",
      "oman_indicator": "OM",
      "oman_ad_val_rate": 0,
      "oman_rate_type_code": "0.0",
      "oman_specific_rate": "0.0",
      "oman_other_rate": "0.0",
      "peru_indicator": "PE",
      "peru_ad_val_rate": 0,
      "peru_rate_type_code": "0.0",
      "peru_specific_rate": "0.0",
      "peru_other_rate": "0.0",
      "korea_indicator": "KR",
      "korea_ad_val_rate": 0,
      "korea_rate_type_code": "0.0",
      "korea_specific_rate": "0.0",
      "korea_other_rate": "0.0",
      "colombia_indicator": "CO",
      "colombia_ad_val_rate": 0,
      "colombia_rate_type_code": "0.0",
      "colombia_specific_rate": "0.0",
      "colombia_other_rate": "0.0",
      "panama_indicator": "PA",
      "panama_ad_val_rate": 0,
      "panama_rate_type_code": "0",
      "panama_specific_rate": "0.0",
      "panama_other_rate": "0.0",
      "usmca_indicator": "S",
      "usmca_ad_val_rate": 0,
      "usmca_rate_type_code": "0.0",
      "usmca_specific_rate": "0.0",
      "usmca_other_rate": "0.0",
      "additive_duties": [
        {
          "type": "section_301",
          "name": "Section 301 - China Trade",
          "rate": 25,
          "countries": [
            "CN"
          ],
          "label": "Section 301 (25.0%)"
        }
      ]
    },
    {
      "hts8": "68128090",
      "brief_description": "Articles or mixtures of crocidolite, nesoi",
      "is_chapter_99": false,
      "quantity_1_code": "KG",
      "wto_binding_code": "B",
      "mfn_text_rate": "Free",
      "mfn_rate_type_code": "0",
      "col2_text_rate": "35%",
      "col2_rate_type_code": "7",
      "begin_effect_date": "2007-01-01",
      "end_effective_date": "2050-12-31",
      "mfn_ad_val_rate": 0,
      "is_special_provision": false,
      "mfn_specific_rate": 0,
      "mfn_other_rate": 0,
      "col2_ad_val_rate": 0.35,
      "col2_specific_rate": 0,
      "col2_other_rate": 0,
      "ntr_suspended_countries": [
        "RU",
        "BY"
      ],
      "has_special_trade_action": true,
      "trade_action_rate": 35,
      "trade_action_countries": [],
      "trade_action_label": "Trade Action Tariff (35.0%)",
      "available_programs": [],
      "additive_duties": [
        {
          "type": "section_301",
          "name": "Section 301 - China Trade",
          "rate": 25,
          "countries": [
            "CN"
          ],
          "label": "Section 301 (25.0%)"
        }
      ]
    },
    {
      "hts8": "68129110",
      "brief_description": "Footwear of asbestos other than crocidolite",
      "is_chapter_99": false,
      "quantity_1_code": "KG",
      "wto_binding_code": "B",
      "mfn_text_rate": "8.3%",
      "mfn_rate_type_code": "7",
      "col2_text_rate": "35%",
      "col2_rate_type_code": "7",
      "begin_effect_date": "2020-07-01",
      "end_effective_date": "2050-12-31",
      "mfn_ad_val_rate": 0.083,
      "is_special_provision": false,
      "mfn_specific_rate": 0,
      "mfn_other_rate": 0,
      "col2_ad_val_rate": 0.35,
      "col2_specific_rate": 0,
      "col2_other_rate": 0,
      "ntr_suspended_countries": [
        "RU",
        "BY"
      ],
      "has_special_trade_action": true,
      "trade_action_rate": 35,
      "trade_action_countries": [],
      "trade_action_label": "Trade Action Tariff (35.0%)",
      "available_programs": [
        {
          "program_key": "cbi",
          "program_name": "Caribbean Basin",
          "rate": 0
        },
        {
          "program_key": "jordan",
          "program_name": "Jordan FTA",
          "rate": 0
        },
        {
          "program_key": "singapore",
          "program_name": "Singapore FTA",
          "rate": 0
        },
        {
          "program_key": "chile",
          "program_name": "Chile FTA",
          "rate": 0
        },
        {
          "program_key": "morocco",
          "program_name": "Morocco FTA",
          "rate": 0
        },
        {
          "program_key": "australia",
          "program_name": "Australia FTA",
          "rate": 0
        },
        {
          "program_key": "bahrain",
          "program_name": "Bahrain FTA",
          "rate": 0
        },
        {
          "program_key": "dr_cafta",
          "program_name": "CAFTA-DR",
          "rate": 0
        },
        {
          "program_key": "oman",
          "program_name": "Oman FTA",
          "rate": 0
        },
        {
          "program_key": "peru",
          "program_name": "Peru TPA",
          "rate": 0
        },
        {
          "program_key": "korea",
          "program_name": "Korea FTA",
          "rate": 0
        },
        {
          "program_key": "colombia",
          "program_name": "Colombia TPA",
          "rate": 0
        },
        {
          "program_key": "panama",
          "program_name": "Panama TPA",
          "rate": 0
        },
        {
          "program_key": "usmca",
          "program_name": "USMCA",
          "rate": 0
        }
      ],
      "mexico_rate_type_code": "0",
      "mexico_specific_rate": "0.0",
      "cbi_indicator": "E",
      "cbi_ad_val_rate": 0,
      "cbi_specific_rate": "0.0",
      "agoa_indicator": "D",
      "israel_fta_indicator": "IL",
      "jordan_indicator": "JO",
      "jordan_ad_val_rate": 0,
      "jordan_rate_type_code": "0.0",
      "jordan_specific_rate": "0.0",
      "jordan_other_rate": "0.0",
      "singapore_indicator": "SG",
      "singapore_ad_val_rate": 0,
      "singapore_rate_type_code": "0.0",
      "singapore_specific_rate": "0.0",
      "singapore_other_rate": "0.0",
      "chile_indicator": "CL",
      "chile_ad_val_rate": 0,
      "chile_rate_type_code": "0.0",
      "chile_specific_rate": "0.0",
      "chile_other_rate": "0.0",
      "morocco_indicator": "MA",
      "morocco_ad_val_rate": 0,
      "morocco_rate_type_code": "0.0",
      "morocco_specific_rate": "0.0",
      "morocco_other_rate": "0.0",
      "australia_indicator": "AU",
      "australia_ad_val_rate": 0,
      "australia_rate_type_code": "0.0",
      "australia_specific_rate": "0.0",
      "australia_other_rate": "0.0",
      "bahrain_indicator": "BH",
      "bahrain_ad_val_rate": 0,
      "bahrain_rate_type_code": "0",
      "bahrain_specific_rate": "0.0",
      "bahrain_other_rate": "0.0",
      "dr_cafta_indicator": "P",
      "dr_cafta_ad_val_rate": 0,
      "dr_cafta_rate_type_code": "0",
      "dr_cafta_specific_rate": "0.0",
      "dr_cafta_other_rate": "0.0",
      "oman_indicator": "OM",
      "oman_ad_val_rate": 0,
      "oman_rate_type_code": "0.0",
      "oman_specific_rate": "0.0",
      "oman_other_rate": "0.0",
      "peru_indicator": "PE",
      "peru_ad_val_rate": 0,
      "peru_rate_type_code": "0.0",
      "peru_specific_rate": "0.0",
      "peru_other_rate": "0.0",
      "korea_indicator": "KR",
      "korea_ad_val_rate": 0,
      "korea_rate_type_code": "0.0",
      "korea_specific_rate": "0.0",
      "korea_other_rate": "0.0",
      "colombia_indicator": "CO",
      "colombia_ad_val_rate": 0,
      "colombia_rate_type_code": "0.0",
      "colombia_specific_rate": "0.0",
      "colombia_other_rate": "0.0",
      "panama_indicator": "PA",
      "panama_ad_val_rate": 0,
      "panama_rate_type_code": "0",
      "panama_specific_rate": "0.0",
      "panama_other_rate": "0.0",
      "usmca_indicator": "S",
      "usmca_ad_val_rate": 0,
      "usmca_rate_type_code": "0.0",
      "usmca_specific_rate": "0.0",
      "usmca_other_rate": "0.0",
      "additive_duties": [
        {
          "type": "section_301",
          "name": "Section 301 - China Trade",
          "rate": 25,
          "countries": [
            "CN"
          ],
          "label": "Section 301 (25.0%)"
        }
      ]
    },
    {
      "hts8": "68129190",
      "brief_description": "Clothing, accessories, and headgear of asbestos other than crocidolite",
      "is_chapter_99": false,
      "quantity_1_code": "KG",
      "wto_binding_code": "B",
      "mfn_text_rate": "Free",
      "mfn_rate_type_code": "0",
      "col2_text_rate": "35%",
      "col2_rate_type_code": "7",
      "begin_effect_date": "2007-01-01",
      "end_effective_date": "2050-12-31",
      "mfn_ad_val_rate": 0,
      "is_special_provision": false,
      "mfn_specific_rate": 0,
      "mfn_other_rate": 0,
      "col2_ad_val_rate": 0.35,
      "col2_specific_rate": 0,
      "col2_other_rate": 0,
      "ntr_suspended_countries": [
        "RU",
        "BY"
      ],
      "has_special_trade_action": true,
      "trade_action_rate": 35,
      "trade_action_countries": [],
      "trade_action_label": "Trade Action Tariff (35.0%)",
      "available_programs": [],
      "additive_duties": [
        {
          "type": "section_301",
          "name": "Section 301 - China Trade",
          "rate": 25,
          "countries": [
            "CN"
          ],
          "label": "Section 301 (25.0%)"
        }
      ]
    },
    {
      "hts8": "68129910",
      "brief_description": "Paper, millboard and felt of asbestos, other than crocidolite",
      "is_chapter_99": false,
      "quantity_1_code": "NO",
      "wto_binding_code": "B",
      "mfn_text_rate": "Free",
      "mfn_rate_type_code": "0",
      "col2_text_rate": "25%",
      "col2_rate_type_code": "7",
      "begin_effect_date": "2022-01-27",
      "end_effective_date": "2050-12-31",
      "mfn_ad_val_rate": 0,
      "is_special_provision": false,
      "mfn_specific_rate": 0,
      "mfn_other_rate": 0,
      "col2_ad_val_rate": 0.25,
      "col2_specific_rate": 0,
      "col2_other_rate": 0,
      "ntr_suspended_countries": [
        "RU",
        "BY"
      ],
      "has_special_trade_action": true,
      "trade_action_rate": 25,
      "trade_action_countries": [
        "CA",
        "MX"
      ],
      "trade_action_label": "Trade Action Tariff (25%)",
      "available_programs": [],
      "additive_duties": [
        {
          "type": "section_301",
          "name": "Section 301 - China Trade",
          "rate": 25,
          "countries": [
            "CN"
          ],
          "label": "Section 301 (25.0%)"
        }
      ]
    },
    {
      "hts8": "68129920",
      "brief_description": "Compressed asbestos (other than crocidolite) fiber jointing, in sheets or rolls",
      "is_chapter_99": false,
      "quantity_1_code": "M2",
      "wto_binding_code": "B",
      "mfn_text_rate": "Free",
      "mfn_rate_type_code": "0",
      "col2_text_rate": "25%",
      "col2_rate_type_code": "7",
      "begin_effect_date": "2022-01-27",
      "end_effective_date": "2050-12-31",
      "mfn_ad_val_rate": 0,
      "is_special_provision": false,
      "mfn_specific_rate": 0,
      "mfn_other_rate": 0,
      "col2_ad_val_rate": 0.25,
      "col2_specific_rate": 0,
      "col2_other_rate": 0,
      "ntr_suspended_countries": [
        "RU",
        "BY"
      ],
      "has_special_trade_action": true,
      "trade_action_rate": 25,
      "trade_action_countries": [
        "CA",
        "MX"
      ],
      "trade_action_label": "Trade Action Tariff (25%)",
      "available_programs": [],
      "additive_duties": [
        {
          "type": "section_301",
          "name": "Section 301 - China Trade",
          "rate": 25,
          "countries": [
            "CN"
          ],
          "label": "Section 301 (25.0%)"
        }
      ]
    },
    {
      "hts8": "68129990",
      "brief_description": "Articles od mixtures of or with a basis of asbestos, nesoi, other than crocidolite",
      "is_chapter_99": false,
      "wto_binding_code": "B",
      "mfn_text_rate": "Free",
      "mfn_rate_type_code": "0",
      "col2_text_rate": "25%",
      "col2_rate_type_code": "7",
      "begin_effect_date": "2022-01-27",
      "end_effective_date": "2050-12-31",
      "mfn_ad_val_rate": 0,
      "is_special_provision": false,
      "mfn_specific_rate": 0,
      "mfn_other_rate": 0,
      "col2_ad_val_rate": 0.25,
      "col2_specific_rate": 0,
      "col2_other_rate": 0,
      "ntr_suspended_countries": [
        "RU",
        "BY"
      ],
      "has_special_trade_action": true,
      "trade_action_rate": 25,
      "trade_action_countries": [
        "CA",
        "MX"
      ],
      "trade_action_label": "Trade Action Tariff (25%)",
      "available_programs": [],
      "additive_duties": [
        {
          "type": "section_301",
          "name": "Section 301 - China Trade",
          "rate": 25,
          "countries": [
            "CN"
          ],
          "label": "Section 301 (25.0%)"
        }
      ]
    },
    {
      "hts8": "68132000",
      "brief_description": "Friction material & articles thereof, containing asbestos",
      "is_chapter_99": false,
      "quantity_1_code": "NO",
      "wto_binding_code": "B",
      "mfn_text_rate": "Free",
      "mfn_rate_type_code": "0",
      "col2_text_rate": "25%",
      "col2_rate_type_code": "7",
      "begin_effect_date": "2007-01-01",
      "end_effective_date": "2050-12-31",
      "mfn_ad_val_rate": 0,
      "is_special_provision": false,
      "mfn_specific_rate": 0,
      "mfn_other_rate": 0,
      "col2_ad_val_rate": 0.25,
      "col2_specific_rate": 0,
      "col2_other_rate": 0,
      "ntr_suspended_countries": [
        "RU",
        "BY"
      ],
      "has_special_trade_action": true,
      "trade_action_rate": 25,
      "trade_action_countries": [
        "CA",
        "MX"
      ],
      "trade_action_label": "Trade Action Tariff (25%)",
      "available_programs": [],
      "additive_duties": [
        {
          "type": "section_301",
          "name": "Section 301 - China Trade",
          "rate": 25,
          "countries": [
            "CN"
          ],
          "label": "Section 301 (25.0%)"
        }
      ]
    },
    {
      "hts8": "68138100",
      "brief_description": "Brake linings and pads not containing asbestos",
      "is_chapter_99": false,
      "quantity_1_code": "NO",
      "wto_binding_code": "B",
      "mfn_text_rate": "Free",
      "mfn_rate_type_code": "0",
      "col2_text_rate": "25%",
      "col2_rate_type_code": "7",
      "begin_effect_date": "2007-01-01",
      "end_effective_date": "2050-12-31",
      "mfn_ad_val_rate": 0,
      "is_special_provision": false,
      "mfn_specific_rate": 0,
      "mfn_other_rate": 0,
      "col2_ad_val_rate": 0.25,
      "col2_specific_rate": 0,
      "col2_other_rate": 0,
      "ntr_suspended_countries": [
        "RU",
        "BY"
      ],
      "has_special_trade_action": true,
      "trade_action_rate": 25,
      "trade_action_countries": [
        "CA",
        "MX"
      ],
      "trade_action_label": "Trade Action Tariff (25%)",
      "available_programs": [],
      "additive_duties": [
        {
          "type": "section_301",
          "name": "Section 301 - China Trade",
          "rate": 25,
          "countries": [
            "CN"
          ],
          "label": "Section 301 (25.0%)"
        }
      ]
    },
    {
      "hts8": "68138900",
      "brief_description": "Friction material & articles thereof with a basis of mineral substances (other than asbestos) or of cellulose,  nesoi",
      "is_chapter_99": false,
      "quantity_1_code": "NO",
      "wto_binding_code": "B",
      "mfn_text_rate": "Free",
      "mfn_rate_type_code": "0",
      "col2_text_rate": "25%",
      "col2_rate_type_code": "7",
      "begin_effect_date": "2007-01-01",
      "end_effective_date": "2050-12-31",
      "mfn_ad_val_rate": 0,
      "is_special_provision": false,
      "mfn_specific_rate": 0,
      "mfn_other_rate": 0,
      "col2_ad_val_rate": 0.25,
      "col2_specific_rate": 0,
      "col2_other_rate": 0,
      "ntr_suspended_countries": [
        "RU",
        "BY"
      ],
      "has_special_trade_action": true,
      "trade_action_rate": 25,
      "trade_action_countries": [
        "CA",
        "MX"
      ],
      "trade_action_label": "Trade Action Tariff (25%)",
      "available_programs": [],
      "additive_duties": [
        {
          "type": "section_301",
          "name": "Section 301 - China Trade",
          "rate": 25,
          "countries": [
            "CN"
          ],
          "label": "Section 301 (25.0%)"
        }
      ]
    },
    {
      "hts8": "68141000",
      "brief_description": "Agglomerated or reconstituted mica, in plates, sheets and strips, whether or not on a support",
      "is_chapter_99": false,
      "quantity_1_code": "KG",
      "wto_binding_code": "B",
      "mfn_text_rate": "2.7%",
      "mfn_rate_type_code": "7",
      "col2_text_rate": "40%",
      "col2_rate_type_code": "7",
      "begin_effect_date": "2020-07-01",
      "end_effective_date": "2050-12-31",
      "mfn_ad_val_rate": 0.027,
      "is_special_provision": false,
      "mfn_specific_rate": 0,
      "mfn_other_rate": 0,
      "col2_ad_val_rate": 0.4,
      "col2_specific_rate": 0,
      "col2_other_rate": 0,
      "ntr_suspended_countries": [
        "RU",
        "BY"
      ],
      "has_special_trade_action": true,
      "trade_action_rate": 40,
      "trade_action_countries": [],
      "trade_action_label": "Trade Action Tariff (40.0%)",
      "available_programs": [
        {
          "program_key": "cbi",
          "program_name": "Caribbean Basin",
          "rate": 0
        },
        {
          "program_key": "jordan",
          "program_name": "Jordan FTA",
          "rate": 0
        },
        {
          "program_key": "singapore",
          "program_name": "Singapore FTA",
          "rate": 0
        },
        {
          "program_key": "chile",
          "program_name": "Chile FTA",
          "rate": 0
        },
        {
          "program_key": "morocco",
          "program_name": "Morocco FTA",
          "rate": 0
        },
        {
          "program_key": "australia",
          "program_name": "Australia FTA",
          "rate": 0
        },
        {
          "program_key": "bahrain",
          "program_name": "Bahrain FTA",
          "rate": 0
        },
        {
          "program_key": "dr_cafta",
          "program_name": "CAFTA-DR",
          "rate": 0
        },
        {
          "program_key": "oman",
          "program_name": "Oman FTA",
          "rate": 0
        },
        {
          "program_key": "peru",
          "program_name": "Peru TPA",
          "rate": 0
        },
        {
          "program_key": "korea",
          "program_name": "Korea FTA",
          "rate": 0
        },
        {
          "program_key": "colombia",
          "program_name": "Colombia TPA",
          "rate": 0
        },
        {
          "program_key": "panama",
          "program_name": "Panama TPA",
          "rate": 0
        },
        {
          "program_key": "usmca",
          "program_name": "USMCA",
          "rate": 0
        }
      ],
      "gsp_indicator": "A",
      "mexico_rate_type_code": "0",
      "mexico_specific_rate": "0.0",
      "cbi_indicator": "E",
      "cbi_ad_val_rate": 0,
      "cbi_specific_rate": "0.0",
      "agoa_indicator": "D",
      "israel_fta_indicator": "IL",
      "jordan_indicator": "JO",
      "jordan_ad_val_rate": 0,
      "jordan_rate_type_code": "0.0",
      "jordan_specific_rate": "0.0",
      "jordan_other_rate": "0.0",
      "singapore_indicator": "SG",
      "singapore_ad_val_rate": 0,
      "singapore_rate_type_code": "0.0",
      "singapore_specific_rate": "0.0",
      "singapore_other_rate": "0.0",
      "chile_indicator": "CL",
      "chile_ad_val_rate": 0,
      "chile_rate_type_code": "0.0",
      "chile_specific_rate": "0.0",
      "chile_other_rate": "0.0",
      "morocco_indicator": "MA",
      "morocco_ad_val_rate": 0,
      "morocco_rate_type_code": "0.0",
      "morocco_specific_rate": "0.0",
      "morocco_other_rate": "0.0",
      "australia_indicator": "AU",
      "australia_ad_val_rate": 0,
      "australia_rate_type_code": "0.0",
      "australia_specific_rate": "0.0",
      "australia_other_rate": "0.0",
      "bahrain_indicator": "BH",
      "bahrain_ad_val_rate": 0,
      "bahrain_rate_type_code": "0",
      "bahrain_specific_rate": "0.0",
      "bahrain_other_rate": "0.0",
      "dr_cafta_indicator": "P",
      "dr_cafta_ad_val_rate": 0,
      "dr_cafta_rate_type_code": "0",
      "dr_cafta_specific_rate": "0.0",
      "dr_cafta_other_rate": "0.0",
      "oman_indicator": "OM",
      "oman_ad_val_rate": 0,
      "oman_rate_type_code": "0.0",
      "oman_specific_rate": "0.0",
      "oman_other_rate": "0.0",
      "peru_indicator": "PE",
      "peru_ad_val_rate": 0,
      "peru_rate_type_code": "0.0",
      "peru_specific_rate": "0.0",
      "peru_other_rate": "0.0",
      "korea_indicator": "KR",
      "korea_ad_val_rate": 0,
      "korea_rate_type_code": "0.0",
      "korea_specific_rate": "0.0",
      "korea_other_rate": "0.0",
      "colombia_indicator": "CO",
      "colombia_ad_val_rate": 0,
      "colombia_rate_type_code": "0.0",
      "colombia_specific_rate": "0.0",
      "colombia_other_rate": "0.0",
      "panama_indicator": "PA",
      "panama_ad_val_rate": 0,
      "panama_rate_type_code": "0",
      "panama_specific_rate": "0.0",
      "panama_other_rate": "0.0",
      "usmca_indicator": "S",
      "usmca_ad_val_rate": 0,
      "usmca_rate_type_code": "0.0",
      "usmca_specific_rate": "0.0",
      "usmca_other_rate": "0.0",
      "additive_duties": [
        {
          "type": "section_301",
          "name": "Section 301 - China Trade",
          "rate": 25,
          "countries": [
            "CN"
          ],
          "label": "Section 301 (25.0%)"
        }
      ]
    },
    {
      "hts8": "68149000",
      "brief_description": "Worked mica and articles of mica, nesoi, whether or not on a support of paper, paperboard or other materials",
      "is_chapter_99": false,
      "quantity_1_code": "KG",
      "wto_binding_code": "B",
      "mfn_text_rate": "2.6%",
      "mfn_rate_type_code": "7",
      "col2_text_rate": "45%",
      "col2_rate_type_code": "7",
      "begin_effect_date": "2020-07-01",
      "end_effective_date": "2050-12-31",
      "mfn_ad_val_rate": 0.026,
      "is_special_provision": false,
      "mfn_specific_rate": 0,
      "mfn_other_rate": 0,
      "col2_ad_val_rate": 0.45,
      "col2_specific_rate": 0,
      "col2_other_rate": 0,
      "ntr_suspended_countries": [
        "RU",
        "BY"
      ],
      "has_special_trade_action": true,
      "trade_action_rate": 45,
      "trade_action_countries": [],
      "trade_action_label": "Trade Action Tariff (45.0%)",
      "available_programs": [
        {
          "program_key": "cbi",
          "program_name": "Caribbean Basin",
          "rate": 0
        },
        {
          "program_key": "jordan",
          "program_name": "Jordan FTA",
          "rate": 0
        },
        {
          "program_key": "singapore",
          "program_name": "Singapore FTA",
          "rate": 0
        },
        {
          "program_key": "chile",
          "program_name": "Chile FTA",
          "rate": 0
        },
        {
          "program_key": "morocco",
          "program_name": "Morocco FTA",
          "rate": 0
        },
        {
          "program_key": "australia",
          "program_name": "Australia FTA",
          "rate": 0
        },
        {
          "program_key": "bahrain",
          "program_name": "Bahrain FTA",
          "rate": 0
        },
        {
          "program_key": "dr_cafta",
          "program_name": "CAFTA-DR",
          "rate": 0
        },
        {
          "program_key": "oman",
          "program_name": "Oman FTA",
          "rate": 0
        },
        {
          "program_key": "peru",
          "program_name": "Peru TPA",
          "rate": 0
        },
        {
          "program_key": "korea",
          "program_name": "Korea FTA",
          "rate": 0
        },
        {
          "program_key": "colombia",
          "program_name": "Colombia TPA",
          "rate": 0
        },
        {
          "program_key": "panama",
          "program_name": "Panama TPA",
          "rate": 0
        },
        {
          "program_key": "usmca",
          "program_name": "USMCA",
          "rate": 0
        }
      ],
      "gsp_indicator": "A",
      "mexico_rate_type_code": "0",
      "mexico_specific_rate": "0.0",
      "cbi_indicator": "E",
      "cbi_ad_val_rate": 0,
      "cbi_specific_rate": "0.0",
      "agoa_indicator": "D",
      "israel_fta_indicator": "IL",
      "jordan_indicator": "JO",
      "jordan_ad_val_rate": 0,
      "jordan_rate_type_code": "0.0",
      "jordan_specific_rate": "0.0",
      "jordan_other_rate": "0.0",
      "singapore_indicator": "SG",
      "singapore_ad_val_rate": 0,
      "singapore_rate_type_code": "0.0",
      "singapore_specific_rate": "0.0",
      "singapore_other_rate": "0.0",
      "chile_indicator": "CL",
      "chile_ad_val_rate": 0,
      "chile_rate_type_code": "0.0",
      "chile_specific_rate": "0.0",
      "chile_other_rate": "0.0",
      "morocco_indicator": "MA",
      "morocco_ad_val_rate": 0,
      "morocco_rate_type_code": "0.0",
      "morocco_specific_rate": "0.0",
      "morocco_other_rate": "0.0",
      "australia_indicator": "AU",
      "australia_ad_val_rate": 0,
      "australia_rate_type_code": "0.0",
      "australia_specific_rate": "0.0",
      "australia_other_rate": "0.0",
      "bahrain_indicator": "BH",
      "bahrain_ad_val_rate": 0,
      "bahrain_rate_type_code": "0",
      "bahrain_specific_rate": "0.0",
      "bahrain_other_rate": "0.0",
      "dr_cafta_indicator": "P",
      "dr_cafta_ad_val_rate": 0,
      "dr_cafta_rate_type_code": "0",
      "dr_cafta_specific_rate": "0.0",
      "dr_cafta_other_rate": "0.0",
      "oman_indicator": "OM",
      "oman_ad_val_rate": 0,
      "oman_rate_type_code": "0.0",
      "oman_specific_rate": "0.0",
      "oman_other_rate": "0.0",
      "peru_indicator": "PE",
      "peru_ad_val_rate": 0,
      "peru_rate_type_code": "0.0",
      "peru_specific_rate": "0.0",
      "peru_other_rate": "0.0",
      "korea_indicator": "KR",
      "korea_ad_val_rate": 0,
      "korea_rate_type_code": "0.0",
      "korea_specific_rate": "0.0",
      "korea_other_rate": "0.0",
      "colombia_indicator": "CO",
      "colombia_ad_val_rate": 0,
      "colombia_rate_type_code": "0.0",
      "colombia_specific_rate": "0.0",
      "colombia_other_rate": "0.0",
      "panama_indicator": "PA",
      "panama_ad_val_rate": 0,
      "panama_rate_type_code": "0",
      "panama_specific_rate": "0.0",
      "panama_other_rate": "0.0",
      "usmca_indicator": "S",
      "usmca_ad_val_rate": 0,
      "usmca_rate_type_code": "0.0",
      "usmca_specific_rate": "0.0",
      "usmca_other_rate": "0.0",
      "additive_duties": [
        {
          "type": "section_301",
          "name": "Section 301 - China Trade",
          "rate": 25,
          "countries": [
            "CN"
          ],
          "label": "Section 301 (25.0%)"
        }
      ]
    },
    {
      "hts8": "68151100",
      "brief_description": "Carbon fibers",
      "is_chapter_99": false,
      "quantity_1_code": "KG",
      "wto_binding_code": "B",
      "mfn_text_rate": "Free",
      "mfn_rate_type_code": "0",
      "col2_text_rate": "45%",
      "col2_rate_type_code": "7",
      "begin_effect_date": "2022-01-27",
      "end_effective_date": "2050-12-31",
      "mfn_ad_val_rate": 0,
      "is_special_provision": false,
      "mfn_specific_rate": 0,
      "mfn_other_rate": 0,
      "col2_ad_val_rate": 0.45,
      "col2_specific_rate": 0,
      "col2_other_rate": 0,
      "ntr_suspended_countries": [
        "RU",
        "BY"
      ],
      "has_special_trade_action": true,
      "trade_action_rate": 45,
      "trade_action_countries": [],
      "trade_action_label": "Trade Action Tariff (45.0%)",
      "available_programs": [],
      "additive_duties": [
        {
          "type": "section_301",
          "name": "Section 301 - China Trade",
          "rate": 25,
          "countries": [
            "CN"
          ],
          "label": "Section 301 (25.0%)"
        }
      ]
    },
    {
      "hts8": "68151200",
      "brief_description": "Fabrics of carbon fibers for non-electrical uses",
      "is_chapter_99": false,
      "quantity_1_code": "KG",
      "wto_binding_code": "B",
      "mfn_text_rate": "Free",
      "mfn_rate_type_code": "0",
      "col2_text_rate": "45%",
      "col2_rate_type_code": "7",
      "begin_effect_date": "2022-01-27",
      "end_effective_date": "2050-12-31",
      "mfn_ad_val_rate": 0,
      "is_special_provision": false,
      "mfn_specific_rate": 0,
      "mfn_other_rate": 0,
      "col2_ad_val_rate": 0.45,
      "col2_specific_rate": 0,
      "col2_other_rate": 0,
      "ntr_suspended_countries": [
        "RU",
        "BY"
      ],
      "has_special_trade_action": true,
      "trade_action_rate": 45,
      "trade_action_countries": [],
      "trade_action_label": "Trade Action Tariff (45.0%)",
      "available_programs": [],
      "additive_duties": [
        {
          "type": "section_301",
          "name": "Section 301 - China Trade",
          "rate": 25,
          "countries": [
            "CN"
          ],
          "label": "Section 301 (25.0%)"
        }
      ]
    },
    {
      "hts8": "68151300",
      "brief_description": "Other articles of carbon fibers for non-electrical uses, other than fabrics",
      "is_chapter_99": false,
      "quantity_1_code": "KG",
      "wto_binding_code": "B",
      "mfn_text_rate": "Free",
      "mfn_rate_type_code": "0",
      "col2_text_rate": "45%",
      "col2_rate_type_code": "7",
      "begin_effect_date": "2022-01-27",
      "end_effective_date": "2050-12-31",
      "mfn_ad_val_rate": 0,
      "is_special_provision": false,
      "mfn_specific_rate": 0,
      "mfn_other_rate": 0,
      "col2_ad_val_rate": 0.45,
      "col2_specific_rate": 0,
      "col2_other_rate": 0,
      "ntr_suspended_countries": [
        "RU",
        "BY"
      ],
      "has_special_trade_action": true,
      "trade_action_rate": 45,
      "trade_action_countries": [],
      "trade_action_label": "Trade Action Tariff (45.0%)",
      "available_programs": [],
      "additive_duties": [
        {
          "type": "section_301",
          "name": "Section 301 - China Trade",
          "rate": 25,
          "countries": [
            "CN"
          ],
          "label": "Section 301 (25.0%)"
        }
      ]
    },
    {
      "hts8": "68151900",
      "brief_description": "Other articles of graphite or other carbon for non-electrical uses, other than of carbon fibers, nesoi",
      "is_chapter_99": false,
      "quantity_1_code": "KG",
      "wto_binding_code": "B",
      "mfn_text_rate": "Free",
      "mfn_rate_type_code": "0",
      "col2_text_rate": "45%",
      "col2_rate_type_code": "7",
      "begin_effect_date": "2022-01-27",
      "end_effective_date": "2050-12-31",
      "mfn_ad_val_rate": 0,
      "is_special_provision": false,
      "mfn_specific_rate": 0,
      "mfn_other_rate": 0,
      "col2_ad_val_rate": 0.45,
      "col2_specific_rate": 0,
      "col2_other_rate": 0,
      "ntr_suspended_countries": [
        "RU",
        "BY"
      ],
      "has_special_trade_action": true,
      "trade_action_rate": 45,
      "trade_action_countries": [],
      "trade_action_label": "Trade Action Tariff (45.0%)",
      "available_programs": [],
      "additive_duties": [
        {
          "type": "section_301",
          "name": "Section 301 - China Trade",
          "rate": 25,
          "countries": [
            "CN"
          ],
          "label": "Section 301 (25.0%)"
        }
      ]
    },
    {
      "hts8": "68152000",
      "brief_description": "Articles of peat, nesoi",
      "is_chapter_99": false,
      "quantity_1_code": "KG",
      "wto_binding_code": "B",
      "mfn_text_rate": "Free",
      "mfn_rate_type_code": "0",
      "col2_text_rate": "20%",
      "col2_rate_type_code": "7",
      "begin_effect_date": "1989-01-01",
      "end_effective_date": "2050-12-31",
      "mfn_ad_val_rate": 0,
      "is_special_provision": false,
      "mfn_specific_rate": 0,
      "mfn_other_rate": 0,
      "col2_ad_val_rate": 0.2,
      "col2_specific_rate": 0,
      "col2_other_rate": 0,
      "ntr_suspended_countries": [
        "RU",
        "BY"
      ],
      "has_special_trade_action": true,
      "trade_action_rate": 20,
      "trade_action_countries": [],
      "trade_action_label": "Trade Action Tariff (20.0%)",
      "available_programs": [],
      "additive_duties": [
        {
          "type": "section_301",
          "name": "Section 301 - China Trade",
          "rate": 25,
          "countries": [
            "CN"
          ],
          "label": "Section 301 (25.0%)"
        }
      ]
    },
    {
      "hts8": "68159100",
      "brief_description": "Articles containing magnesite, magnesia in the form of periclase, dolomite including in the form of dolime or chromite, nesoi",
      "is_chapter_99": false,
      "quantity_1_code": "KG",
      "wto_binding_code": "B",
      "mfn_text_rate": "Free",
      "mfn_rate_type_code": "0",
      "col2_text_rate": "30%",
      "col2_rate_type_code": "7",
      "begin_effect_date": "2022-01-27",
      "end_effective_date": "2050-12-31",
      "mfn_ad_val_rate": 0,
      "is_special_provision": false,
      "mfn_specific_rate": 0,
      "mfn_other_rate": 0,
      "col2_ad_val_rate": 0.3,
      "col2_specific_rate": 0,
      "col2_other_rate": 0,
      "ntr_suspended_countries": [
        "RU",
        "BY"
      ],
      "has_special_trade_action": true,
      "trade_action_rate": 30,
      "trade_action_countries": [],
      "trade_action_label": "Trade Action Tariff (30.0%)",
      "available_programs": [],
      "additive_duties": [
        {
          "type": "section_301",
          "name": "Section 301 - China Trade",
          "rate": 25,
          "countries": [
            "CN"
          ],
          "label": "Section 301 (25.0%)"
        }
      ]
    },
    {
      "hts8": "68159920",
      "brief_description": "Talc, steatite and soapstone, cut or sawn, or in blanks, crayons, cubes, disks or other forms",
      "is_chapter_99": false,
      "quantity_1_code": "KG",
      "wto_binding_code": "B",
      "mfn_text_rate": "Free",
      "mfn_rate_type_code": "0",
      "col2_text_rate": "2.2 cents/kg",
      "col2_rate_type_code": "1",
      "begin_effect_date": "1989-01-01",
      "end_effective_date": "2050-12-31",
      "mfn_ad_val_rate": 0,
      "is_special_provision": false,
      "mfn_specific_rate": 0,
      "mfn_other_rate": 0,
      "col2_ad_val_rate": 0,
      "col2_specific_rate": 0.022,
      "col2_other_rate": 0,
      "available_programs": [],
      "additive_duties": [
        {
          "type": "section_301",
          "name": "Section 301 - China Trade",
          "rate": 25,
          "countries": [
            "CN"
          ],
          "label": "Section 301 (25.0%)"
        }
      ]
    },
    {
      "hts8": "68159941",
      "brief_description": "Articles of stone or of other mineral substances, nesoi",
      "is_chapter_99": false,
      "quantity_1_code": "KG",
      "wto_binding_code": "B",
      "mfn_text_rate": "Free",
      "mfn_rate_type_code": "0",
      "col2_text_rate": "30%",
      "col2_rate_type_code": "7",
      "begin_effect_date": "2022-01-27",
      "end_effective_date": "2050-12-31",
      "mfn_ad_val_rate": 0,
      "is_special_provision": false,
      "mfn_specific_rate": 0,
      "mfn_other_rate": 0,
      "col2_ad_val_rate": 0.3,
      "col2_specific_rate": 0,
      "col2_other_rate": 0,
      "ntr_suspended_countries": [
        "RU",
        "BY"
      ],
      "has_special_trade_action": true,
      "trade_action_rate": 30,
      "trade_action_countries": [],
      "trade_action_label": "Trade Action Tariff (30.0%)",
      "available_programs": [],
      "additive_duties": [
        {
          "type": "section_301",
          "name": "Section 301 - China Trade",
          "rate": 25,
          "countries": [
            "CN"
          ],
          "label": "Section 301 (25.0%)"
        }
      ]
    }
  ]
}