{
  "segment": "262",
  "description": "HTS codes starting with 262",
  "count": 18,
  "entries": [
    {
      "hts8": "26201100",
      "brief_description": "Hard zinc spelter",
      "is_chapter_99": false,
      "quantity_1_code": "KG",
      "wto_binding_code": "B",
      "mfn_text_rate": "Free",
      "mfn_rate_type_code": "0",
      "col2_text_rate": "5%",
      "col2_rate_type_code": "7",
      "begin_effect_date": "1999-01-01",
      "end_effective_date": "2050-12-31",
      "mfn_ad_val_rate": 0,
      "is_special_provision": false,
      "mfn_specific_rate": 0,
      "mfn_other_rate": 0,
      "col2_ad_val_rate": 0.05,
      "col2_specific_rate": 0,
      "col2_other_rate": 0,
      "ntr_suspended_countries": [
        "RU",
        "BY"
      ],
      "has_special_trade_action": false,
      "column2_countries": [
        "CU",
        "KP"
      ],
      "available_programs": [],
      "additive_duties": [
        {
          "type": "section_301",
          "name": "Section 301 - China Trade",
          "rate": 25,
          "countries": [
            "CN"
          ],
          "label": "Section 301 (25.0%)"
        }
      ]
    },
    {
      "hts8": "26201930",
      "brief_description": "Zinc dross and skimmings (not from from the mfr. of iron or steel)",
      "is_chapter_99": false,
      "quantity_1_code": "KG",
      "quantity_2_code": "CKG",
      "wto_binding_code": "B",
      "mfn_text_rate": "Free",
      "mfn_rate_type_code": "0",
      "col2_text_rate": "3.3 cents/kg",
      "col2_rate_type_code": "1",
      "begin_effect_date": "1995-01-01",
      "end_effective_date": "2050-12-31",
      "mfn_ad_val_rate": 0,
      "is_special_provision": false,
      "mfn_specific_rate": 0,
      "mfn_other_rate": 0,
      "col2_ad_val_rate": 0,
      "col2_specific_rate": 0.033,
      "col2_other_rate": 0,
      "available_programs": [],
      "additive_duties": [
        {
          "type": "section_301",
          "name": "Section 301 - China Trade",
          "rate": 25,
          "countries": [
            "CN"
          ],
          "label": "Section 301 (25.0%)"
        }
      ]
    },
    {
      "hts8": "26201960",
      "brief_description": "Ash and residues (not from the mfr. of iron or steel), containing mainly zinc, other than hard zinc spelter/zinc dross & skimmings",
      "is_chapter_99": false,
      "wto_binding_code": "B",
      "mfn_text_rate": "0.7 cents/kg on copper content + 0.7 cents/kg on lead content",
      "mfn_rate_type_code": "T",
      "col2_text_rate": "8.8 cents/kg on copper content + 3.3 cents/kg on lead content + 3.7 cents/kg on zinc content",
      "col2_rate_type_code": "T",
      "begin_effect_date": "2020-07-01",
      "end_effective_date": "2050-12-31",
      "is_special_provision": true,
      "mfn_ad_val_rate": 0,
      "col2_ad_val_rate": 9999.99,
      "ntr_suspended_countries": [
        "RU",
        "BY"
      ],
      "has_special_trade_action": true,
      "trade_action_rate": 999999,
      "trade_action_countries": [],
      "trade_action_label": "Trade Action Tariff (999999.0%)",
      "available_programs": [
        {
          "program_key": "cbi",
          "program_name": "Caribbean Basin",
          "rate": 0
        },
        {
          "program_key": "jordan",
          "program_name": "Jordan FTA",
          "rate": 0
        },
        {
          "program_key": "singapore",
          "program_name": "Singapore FTA",
          "rate": 0
        },
        {
          "program_key": "chile",
          "program_name": "Chile FTA",
          "rate": 0
        },
        {
          "program_key": "morocco",
          "program_name": "Morocco FTA",
          "rate": 0
        },
        {
          "program_key": "australia",
          "program_name": "Australia FTA",
          "rate": 0
        },
        {
          "program_key": "bahrain",
          "program_name": "Bahrain FTA",
          "rate": 0
        },
        {
          "program_key": "dr_cafta",
          "program_name": "CAFTA-DR",
          "rate": 0
        },
        {
          "program_key": "oman",
          "program_name": "Oman FTA",
          "rate": 0
        },
        {
          "program_key": "peru",
          "program_name": "Peru TPA",
          "rate": 0
        },
        {
          "program_key": "korea",
          "program_name": "Korea FTA",
          "rate": 0
        },
        {
          "program_key": "colombia",
          "program_name": "Colombia TPA",
          "rate": 0
        },
        {
          "program_key": "panama",
          "program_name": "Panama TPA",
          "rate": 0
        },
        {
          "program_key": "usmca",
          "program_name": "USMCA",
          "rate": 0
        }
      ],
      "gsp_indicator": "A",
      "mexico_rate_type_code": "0",
      "mexico_specific_rate": "0.0",
      "cbi_indicator": "E",
      "cbi_ad_val_rate": 0,
      "cbi_specific_rate": "0.0",
      "agoa_indicator": "D",
      "israel_fta_indicator": "IL",
      "jordan_indicator": "JO",
      "jordan_ad_val_rate": 0,
      "jordan_rate_type_code": "0.0",
      "jordan_specific_rate": "0.0",
      "jordan_other_rate": "0.0",
      "singapore_indicator": "SG",
      "singapore_ad_val_rate": 0,
      "singapore_rate_type_code": "0.0",
      "singapore_specific_rate": "0.0",
      "singapore_other_rate": "0.0",
      "chile_indicator": "CL",
      "chile_ad_val_rate": 0,
      "chile_rate_type_code": "0.0",
      "chile_specific_rate": "0.0",
      "chile_other_rate": "0.0",
      "morocco_indicator": "MA",
      "morocco_ad_val_rate": 0,
      "morocco_rate_type_code": "0.0",
      "morocco_specific_rate": "0.0",
      "morocco_other_rate": "0.0",
      "australia_indicator": "AU",
      "australia_ad_val_rate": 0,
      "australia_rate_type_code": "0.0",
      "australia_specific_rate": "0.0",
      "australia_other_rate": "0.0",
      "bahrain_indicator": "BH",
      "bahrain_ad_val_rate": 0,
      "bahrain_rate_type_code": "0",
      "bahrain_specific_rate": "0.0",
      "bahrain_other_rate": "0.0",
      "dr_cafta_indicator": "P",
      "dr_cafta_ad_val_rate": 0,
      "dr_cafta_rate_type_code": "0",
      "dr_cafta_specific_rate": "0.0",
      "dr_cafta_other_rate": "0.0",
      "oman_indicator": "OM",
      "oman_ad_val_rate": 0,
      "oman_rate_type_code": "0.0",
      "oman_specific_rate": "0.0",
      "oman_other_rate": "0.0",
      "peru_indicator": "PE",
      "peru_ad_val_rate": 0,
      "peru_rate_type_code": "0.0",
      "peru_specific_rate": "0.0",
      "peru_other_rate": "0.0",
      "korea_indicator": "KR",
      "korea_ad_val_rate": 0,
      "korea_rate_type_code": "0.0",
      "korea_specific_rate": "0.0",
      "korea_other_rate": "0.0",
      "colombia_indicator": "CO",
      "colombia_ad_val_rate": 0,
      "colombia_rate_type_code": "0.0",
      "colombia_specific_rate": "0.0",
      "colombia_other_rate": "0.0",
      "panama_indicator": "PA",
      "panama_ad_val_rate": 0,
      "panama_rate_type_code": "0",
      "panama_specific_rate": "0.0",
      "panama_other_rate": "0.0",
      "usmca_indicator": "S",
      "usmca_ad_val_rate": 0,
      "usmca_rate_type_code": "0.0",
      "usmca_specific_rate": "0.0",
      "usmca_other_rate": "0.0",
      "additive_duties": [
        {
          "type": "section_301",
          "name": "Section 301 - China Trade",
          "rate": 25,
          "countries": [
            "CN"
          ],
          "label": "Section 301 (25.0%)"
        }
      ]
    },
    {
      "hts8": "26202100",
      "brief_description": "Leaded gasoline sludges and leaded anti-knock compound sludges, containing mainly lead",
      "is_chapter_99": false,
      "wto_binding_code": "B",
      "mfn_text_rate": "Free",
      "mfn_rate_type_code": "0",
      "col2_text_rate": "8.8 cents/kg on copper content + 3.3 cents/kg on lead content + 3.7 cents/kg on zinc content",
      "col2_rate_type_code": "T",
      "begin_effect_date": "2002-01-10",
      "end_effective_date": "2050-12-31",
      "mfn_ad_val_rate": 0,
      "is_special_provision": false,
      "mfn_specific_rate": 0,
      "mfn_other_rate": 0,
      "col2_ad_val_rate": 9999.99,
      "ntr_suspended_countries": [
        "RU",
        "BY"
      ],
      "has_special_trade_action": true,
      "trade_action_rate": 999999,
      "trade_action_countries": [],
      "trade_action_label": "Trade Action Tariff (999999.0%)",
      "available_programs": [],
      "additive_duties": [
        {
          "type": "section_301",
          "name": "Section 301 - China Trade",
          "rate": 25,
          "countries": [
            "CN"
          ],
          "label": "Section 301 (25.0%)"
        }
      ]
    },
    {
      "hts8": "26202900",
      "brief_description": "Ash and residues (other than from the manufacture of iron or steel), containing mainly lead, nesoi",
      "is_chapter_99": false,
      "wto_binding_code": "B",
      "mfn_text_rate": "Free",
      "mfn_rate_type_code": "0",
      "col2_text_rate": "8.8 cents/kg on copper content + 3.3 cents/kg on lead content + 3.7 cents/kg on zinc content",
      "col2_rate_type_code": "T",
      "begin_effect_date": "2002-01-10",
      "end_effective_date": "2050-12-31",
      "mfn_ad_val_rate": 0,
      "is_special_provision": false,
      "mfn_specific_rate": 0,
      "mfn_other_rate": 0,
      "col2_ad_val_rate": 9999.99,
      "ntr_suspended_countries": [
        "RU",
        "BY"
      ],
      "has_special_trade_action": true,
      "trade_action_rate": 999999,
      "trade_action_countries": [],
      "trade_action_label": "Trade Action Tariff (999999.0%)",
      "available_programs": [],
      "additive_duties": [
        {
          "type": "section_301",
          "name": "Section 301 - China Trade",
          "rate": 25,
          "countries": [
            "CN"
          ],
          "label": "Section 301 (25.0%)"
        }
      ]
    },
    {
      "hts8": "26203000",
      "brief_description": "Ash and residues (not from the mfr. of iron or steel), containing mainly copper",
      "is_chapter_99": false,
      "wto_binding_code": "B",
      "mfn_text_rate": "Free",
      "mfn_rate_type_code": "0",
      "col2_text_rate": "8.8 cents/kg on copper content + 3.3 cents/kg on lead content + 3.7 cents/kg on zinc content",
      "col2_rate_type_code": "T",
      "begin_effect_date": "1999-01-01",
      "end_effective_date": "2050-12-31",
      "mfn_ad_val_rate": 0,
      "is_special_provision": false,
      "mfn_specific_rate": 0,
      "mfn_other_rate": 0,
      "col2_ad_val_rate": 9999.99,
      "ntr_suspended_countries": [
        "RU",
        "BY"
      ],
      "has_special_trade_action": true,
      "trade_action_rate": 999999,
      "trade_action_countries": [],
      "trade_action_label": "Trade Action Tariff (999999.0%)",
      "available_programs": [],
      "additive_duties": [
        {
          "type": "section_301",
          "name": "Section 301 - China Trade",
          "rate": 25,
          "countries": [
            "CN"
          ],
          "label": "Section 301 (25.0%)"
        }
      ]
    },
    {
      "hts8": "26204000",
      "brief_description": "Ash and residues (not from the mfr. of iron or steel), containing mainly aluminum",
      "is_chapter_99": false,
      "quantity_1_code": "KG",
      "wto_binding_code": "B",
      "mfn_text_rate": "Free",
      "mfn_rate_type_code": "0",
      "col2_text_rate": "Free",
      "col2_rate_type_code": "0",
      "begin_effect_date": "1989-01-01",
      "end_effective_date": "2050-12-31",
      "mfn_ad_val_rate": 0,
      "is_special_provision": false,
      "mfn_specific_rate": 0,
      "mfn_other_rate": 0,
      "col2_ad_val_rate": 0,
      "col2_specific_rate": 0,
      "col2_other_rate": 0,
      "available_programs": [],
      "additive_duties": [
        {
          "type": "section_301",
          "name": "Section 301 - China Trade",
          "rate": 25,
          "countries": [
            "CN"
          ],
          "label": "Section 301 (25.0%)"
        }
      ]
    },
    {
      "hts8": "26206010",
      "brief_description": "Ash/residues contain arsenic, mercury, thallium or their mixtures, kind used only for extraction of arsenic or manufacture of its compounds",
      "is_chapter_99": false,
      "quantity_1_code": "KG",
      "wto_binding_code": "B",
      "mfn_text_rate": "5%",
      "mfn_rate_type_code": "7",
      "col2_text_rate": "25%",
      "col2_rate_type_code": "7",
      "begin_effect_date": "2020-07-01",
      "end_effective_date": "2050-12-31",
      "mfn_ad_val_rate": 0.05,
      "is_special_provision": false,
      "mfn_specific_rate": 0,
      "mfn_other_rate": 0,
      "col2_ad_val_rate": 0.25,
      "col2_specific_rate": 0,
      "col2_other_rate": 0,
      "ntr_suspended_countries": [
        "RU",
        "BY"
      ],
      "has_special_trade_action": true,
      "trade_action_rate": 25,
      "trade_action_countries": [
        "CA",
        "MX"
      ],
      "trade_action_label": "Trade Action Tariff (25%)",
      "available_programs": [
        {
          "program_key": "cbi",
          "program_name": "Caribbean Basin",
          "rate": 0
        },
        {
          "program_key": "jordan",
          "program_name": "Jordan FTA",
          "rate": 0
        },
        {
          "program_key": "singapore",
          "program_name": "Singapore FTA",
          "rate": 0
        },
        {
          "program_key": "chile",
          "program_name": "Chile FTA",
          "rate": 0
        },
        {
          "program_key": "morocco",
          "program_name": "Morocco FTA",
          "rate": 0
        },
        {
          "program_key": "australia",
          "program_name": "Australia FTA",
          "rate": 0
        },
        {
          "program_key": "bahrain",
          "program_name": "Bahrain FTA",
          "rate": 0
        },
        {
          "program_key": "dr_cafta",
          "program_name": "CAFTA-DR",
          "rate": 0
        },
        {
          "program_key": "oman",
          "program_name": "Oman FTA",
          "rate": 0
        },
        {
          "program_key": "peru",
          "program_name": "Peru TPA",
          "rate": 0
        },
        {
          "program_key": "korea",
          "program_name": "Korea FTA",
          "rate": 0
        },
        {
          "program_key": "colombia",
          "program_name": "Colombia TPA",
          "rate": 0
        },
        {
          "program_key": "panama",
          "program_name": "Panama TPA",
          "rate": 0
        },
        {
          "program_key": "usmca",
          "program_name": "USMCA",
          "rate": 0
        }
      ],
      "gsp_indicator": "A+",
      "mexico_rate_type_code": "0",
      "mexico_specific_rate": "0.0",
      "cbi_indicator": "E",
      "cbi_ad_val_rate": 0,
      "cbi_specific_rate": "0.0",
      "agoa_indicator": "D",
      "israel_fta_indicator": "IL",
      "jordan_indicator": "JO",
      "jordan_ad_val_rate": 0,
      "jordan_rate_type_code": "0.0",
      "jordan_specific_rate": "0.0",
      "jordan_other_rate": "0.0",
      "singapore_indicator": "SG",
      "singapore_ad_val_rate": 0,
      "singapore_rate_type_code": "0.0",
      "singapore_specific_rate": "0.0",
      "singapore_other_rate": "0.0",
      "chile_indicator": "CL",
      "chile_ad_val_rate": 0,
      "chile_rate_type_code": "0.0",
      "chile_specific_rate": "0.0",
      "chile_other_rate": "0.0",
      "morocco_indicator": "MA",
      "morocco_ad_val_rate": 0,
      "morocco_rate_type_code": "0.0",
      "morocco_specific_rate": "0.0",
      "morocco_other_rate": "0.0",
      "australia_indicator": "AU",
      "australia_ad_val_rate": 0,
      "australia_rate_type_code": "0.0",
      "australia_specific_rate": "0.0",
      "australia_other_rate": "0.0",
      "bahrain_indicator": "BH",
      "bahrain_ad_val_rate": 0,
      "bahrain_rate_type_code": "0",
      "bahrain_specific_rate": "0.0",
      "bahrain_other_rate": "0.0",
      "dr_cafta_indicator": "P",
      "dr_cafta_ad_val_rate": 0,
      "dr_cafta_rate_type_code": "0",
      "dr_cafta_specific_rate": "0.0",
      "dr_cafta_other_rate": "0.0",
      "oman_indicator": "OM",
      "oman_ad_val_rate": 0,
      "oman_rate_type_code": "0.0",
      "oman_specific_rate": "0.0",
      "oman_other_rate": "0.0",
      "peru_indicator": "PE",
      "peru_ad_val_rate": 0,
      "peru_rate_type_code": "0.0",
      "peru_specific_rate": "0.0",
      "peru_other_rate": "0.0",
      "korea_indicator": "KR",
      "korea_ad_val_rate": 0,
      "korea_rate_type_code": "0.0",
      "korea_specific_rate": "0.0",
      "korea_other_rate": "0.0",
      "colombia_indicator": "CO",
      "colombia_ad_val_rate": 0,
      "colombia_rate_type_code": "0.0",
      "colombia_specific_rate": "0.0",
      "colombia_other_rate": "0.0",
      "panama_indicator": "PA",
      "panama_ad_val_rate": 0,
      "panama_rate_type_code": "0",
      "panama_specific_rate": "0.0",
      "panama_other_rate": "0.0",
      "usmca_indicator": "S",
      "usmca_ad_val_rate": 0,
      "usmca_rate_type_code": "0.0",
      "usmca_specific_rate": "0.0",
      "usmca_other_rate": "0.0",
      "additive_duties": [
        {
          "type": "section_301",
          "name": "Section 301 - China Trade",
          "rate": 25,
          "countries": [
            "CN"
          ],
          "label": "Section 301 (25.0%)"
        }
      ]
    },
    {
      "hts8": "26206090",
      "brief_description": "Ash/residue contain arsenic,mercury,thallium/their mixtures,kind used only for extraction of those metals or manufacture of their compounds",
      "is_chapter_99": false,
      "quantity_1_code": "KG",
      "wto_binding_code": "B",
      "mfn_text_rate": "Free",
      "mfn_rate_type_code": "0",
      "col2_text_rate": "30%",
      "col2_rate_type_code": "7",
      "begin_effect_date": "2002-01-10",
      "end_effective_date": "2050-12-31",
      "mfn_ad_val_rate": 0,
      "is_special_provision": false,
      "mfn_specific_rate": 0,
      "mfn_other_rate": 0,
      "col2_ad_val_rate": 0.3,
      "col2_specific_rate": 0,
      "col2_other_rate": 0,
      "ntr_suspended_countries": [
        "RU",
        "BY"
      ],
      "has_special_trade_action": true,
      "trade_action_rate": 30,
      "trade_action_countries": [],
      "trade_action_label": "Trade Action Tariff (30.0%)",
      "available_programs": [],
      "additive_duties": [
        {
          "type": "section_301",
          "name": "Section 301 - China Trade",
          "rate": 25,
          "countries": [
            "CN"
          ],
          "label": "Section 301 (25.0%)"
        }
      ]
    },
    {
      "hts8": "26209100",
      "brief_description": "Ash and residues (other than from the manufacture of iron or steel), containing antimony, beryllium, cadmium, chromium or their mixtures",
      "is_chapter_99": false,
      "quantity_1_code": "KG",
      "wto_binding_code": "B",
      "mfn_text_rate": "Free",
      "mfn_rate_type_code": "0",
      "col2_text_rate": "30%",
      "col2_rate_type_code": "7",
      "begin_effect_date": "2002-01-10",
      "end_effective_date": "2050-12-31",
      "mfn_ad_val_rate": 0,
      "is_special_provision": false,
      "mfn_specific_rate": 0,
      "mfn_other_rate": 0,
      "col2_ad_val_rate": 0.3,
      "col2_specific_rate": 0,
      "col2_other_rate": 0,
      "ntr_suspended_countries": [
        "RU",
        "BY"
      ],
      "has_special_trade_action": true,
      "trade_action_rate": 30,
      "trade_action_countries": [],
      "trade_action_label": "Trade Action Tariff (30.0%)",
      "available_programs": [],
      "additive_duties": [
        {
          "type": "section_301",
          "name": "Section 301 - China Trade",
          "rate": 25,
          "countries": [
            "CN"
          ],
          "label": "Section 301 (25.0%)"
        }
      ]
    },
    {
      "hts8": "26209910",
      "brief_description": "Ash and residues (other than from the manufacture of iron or steel), containing mainly vanadium",
      "is_chapter_99": false,
      "quantity_1_code": "KG",
      "quantity_2_code": "CKG",
      "wto_binding_code": "B",
      "mfn_text_rate": "Free",
      "mfn_rate_type_code": "0",
      "col2_text_rate": "Free",
      "col2_rate_type_code": "0",
      "begin_effect_date": "2002-01-10",
      "end_effective_date": "2050-12-31",
      "mfn_ad_val_rate": 0,
      "is_special_provision": false,
      "mfn_specific_rate": 0,
      "mfn_other_rate": 0,
      "col2_ad_val_rate": 0,
      "col2_specific_rate": 0,
      "col2_other_rate": 0,
      "available_programs": [],
      "additive_duties": [
        {
          "type": "section_301",
          "name": "Section 301 - China Trade",
          "rate": 25,
          "countries": [
            "CN"
          ],
          "label": "Section 301 (25.0%)"
        }
      ]
    },
    {
      "hts8": "26209920",
      "brief_description": "Ash and residues (other than from the manufacture of iron or steel), containing mainly tungsten",
      "is_chapter_99": false,
      "quantity_1_code": "KG",
      "quantity_2_code": "CKG",
      "wto_binding_code": "B",
      "mfn_text_rate": "17.6 cents/kg on tungsten content + 3.8%",
      "mfn_rate_type_code": "4",
      "col2_text_rate": "$1.32/kg on tungsten content + 40%",
      "col2_rate_type_code": "4",
      "begin_effect_date": "2020-07-01",
      "end_effective_date": "2050-12-31",
      "mfn_ad_val_rate": 0.038,
      "is_special_provision": false,
      "mfn_specific_rate": 0.176,
      "mfn_other_rate": 0,
      "col2_ad_val_rate": 0.4,
      "col2_specific_rate": 1.32,
      "col2_other_rate": 0,
      "ntr_suspended_countries": [
        "RU",
        "BY"
      ],
      "has_special_trade_action": true,
      "trade_action_rate": 40,
      "trade_action_countries": [],
      "trade_action_label": "Trade Action Tariff (40.0%)",
      "available_programs": [
        {
          "program_key": "cbi",
          "program_name": "Caribbean Basin",
          "rate": 0
        },
        {
          "program_key": "jordan",
          "program_name": "Jordan FTA",
          "rate": 0
        },
        {
          "program_key": "singapore",
          "program_name": "Singapore FTA",
          "rate": 0
        },
        {
          "program_key": "chile",
          "program_name": "Chile FTA",
          "rate": 0
        },
        {
          "program_key": "morocco",
          "program_name": "Morocco FTA",
          "rate": 0
        },
        {
          "program_key": "australia",
          "program_name": "Australia FTA",
          "rate": 0
        },
        {
          "program_key": "bahrain",
          "program_name": "Bahrain FTA",
          "rate": 0
        },
        {
          "program_key": "dr_cafta",
          "program_name": "CAFTA-DR",
          "rate": 0
        },
        {
          "program_key": "oman",
          "program_name": "Oman FTA",
          "rate": 0
        },
        {
          "program_key": "peru",
          "program_name": "Peru TPA",
          "rate": 0
        },
        {
          "program_key": "korea",
          "program_name": "Korea FTA",
          "rate": 0
        },
        {
          "program_key": "colombia",
          "program_name": "Colombia TPA",
          "rate": 0
        },
        {
          "program_key": "panama",
          "program_name": "Panama TPA",
          "rate": 0
        },
        {
          "program_key": "usmca",
          "program_name": "USMCA",
          "rate": 0
        }
      ],
      "gsp_indicator": "A",
      "mexico_rate_type_code": "0",
      "mexico_specific_rate": "0.0",
      "cbi_indicator": "E",
      "cbi_ad_val_rate": 0,
      "cbi_specific_rate": "0.0",
      "agoa_indicator": "D",
      "israel_fta_indicator": "IL",
      "jordan_indicator": "JO",
      "jordan_ad_val_rate": 0,
      "jordan_rate_type_code": "0.0",
      "jordan_specific_rate": "0.0",
      "jordan_other_rate": "0.0",
      "singapore_indicator": "SG",
      "singapore_ad_val_rate": 0,
      "singapore_rate_type_code": "0.0",
      "singapore_specific_rate": "0.0",
      "singapore_other_rate": "0.0",
      "chile_indicator": "CL",
      "chile_ad_val_rate": 0,
      "chile_rate_type_code": "0.0",
      "chile_specific_rate": "0.0",
      "chile_other_rate": "0.0",
      "morocco_indicator": "MA",
      "morocco_ad_val_rate": 0,
      "morocco_rate_type_code": "0.0",
      "morocco_specific_rate": "0.0",
      "morocco_other_rate": "0.0",
      "australia_indicator": "AU",
      "australia_ad_val_rate": 0,
      "australia_rate_type_code": "0.0",
      "australia_specific_rate": "0.0",
      "australia_other_rate": "0.0",
      "bahrain_indicator": "BH",
      "bahrain_ad_val_rate": 0,
      "bahrain_rate_type_code": "0",
      "bahrain_specific_rate": "0.0",
      "bahrain_other_rate": "0.0",
      "dr_cafta_indicator": "P",
      "dr_cafta_ad_val_rate": 0,
      "dr_cafta_rate_type_code": "0",
      "dr_cafta_specific_rate": "0.0",
      "dr_cafta_other_rate": "0.0",
      "oman_indicator": "OM",
      "oman_ad_val_rate": 0,
      "oman_rate_type_code": "0.0",
      "oman_specific_rate": "0.0",
      "oman_other_rate": "0.0",
      "peru_indicator": "PE",
      "peru_ad_val_rate": 0,
      "peru_rate_type_code": "0.0",
      "peru_specific_rate": "0.0",
      "peru_other_rate": "0.0",
      "korea_indicator": "KR",
      "korea_ad_val_rate": 0,
      "korea_rate_type_code": "0.0",
      "korea_specific_rate": "0.0",
      "korea_other_rate": "0.0",
      "colombia_indicator": "CO",
      "colombia_ad_val_rate": 0,
      "colombia_rate_type_code": "0.0",
      "colombia_specific_rate": "0.0",
      "colombia_other_rate": "0.0",
      "panama_indicator": "PA",
      "panama_ad_val_rate": 0,
      "panama_rate_type_code": "0",
      "panama_specific_rate": "0.0",
      "panama_other_rate": "0.0",
      "usmca_indicator": "S",
      "usmca_ad_val_rate": 0,
      "usmca_rate_type_code": "0.0",
      "usmca_specific_rate": "0.0",
      "usmca_other_rate": "0.0",
      "additive_duties": [
        {
          "type": "section_301",
          "name": "Section 301 - China Trade",
          "rate": 25,
          "countries": [
            "CN"
          ],
          "label": "Section 301 (25.0%)"
        }
      ]
    },
    {
      "hts8": "26209930",
      "brief_description": "Materials (ash and residues) not provided for elsewhere in heading 2620 containing by weight over 10 percent nickel",
      "is_chapter_99": false,
      "quantity_1_code": "KG",
      "quantity_2_code": "CKG",
      "wto_binding_code": "B",
      "mfn_text_rate": "Free",
      "mfn_rate_type_code": "0",
      "col2_text_rate": "Free",
      "col2_rate_type_code": "0",
      "begin_effect_date": "2002-01-10",
      "end_effective_date": "2050-12-31",
      "mfn_ad_val_rate": 0,
      "is_special_provision": false,
      "mfn_specific_rate": 0,
      "mfn_other_rate": 0,
      "col2_ad_val_rate": 0,
      "col2_specific_rate": 0,
      "col2_other_rate": 0,
      "available_programs": [],
      "additive_duties": [
        {
          "type": "section_301",
          "name": "Section 301 - China Trade",
          "rate": 25,
          "countries": [
            "CN"
          ],
          "label": "Section 301 (25.0%)"
        }
      ]
    },
    {
      "hts8": "26209950",
      "brief_description": "Slag (other than from the manufacture of iron or steel) contains over 40% titanium & if has over 2% Cu/Pb/Zn is not for recovery thereof",
      "is_chapter_99": false,
      "quantity_1_code": "KG",
      "wto_binding_code": "B",
      "mfn_text_rate": "Free",
      "mfn_rate_type_code": "0",
      "col2_text_rate": "Free",
      "col2_rate_type_code": "0",
      "begin_effect_date": "2002-01-10",
      "end_effective_date": "2050-12-31",
      "mfn_ad_val_rate": 0,
      "is_special_provision": false,
      "mfn_specific_rate": 0,
      "mfn_other_rate": 0,
      "col2_ad_val_rate": 0,
      "col2_specific_rate": 0,
      "col2_other_rate": 0,
      "available_programs": [],
      "additive_duties": [
        {
          "type": "section_301",
          "name": "Section 301 - China Trade",
          "rate": 25,
          "countries": [
            "CN"
          ],
          "label": "Section 301 (25.0%)"
        }
      ]
    },
    {
      "hts8": "26209975",
      "brief_description": "Residues (not from mfr. of iron or steel) cont. metals/metal compounds nesoi, and n/adv. in value or cond. & if > 2% Cu/Pb/Zn n/for recovery",
      "is_chapter_99": false,
      "wto_binding_code": "B",
      "mfn_text_rate": "Free",
      "mfn_rate_type_code": "0",
      "col2_text_rate": "Free",
      "col2_rate_type_code": "0",
      "begin_effect_date": "2002-01-10",
      "end_effective_date": "2050-12-31",
      "mfn_ad_val_rate": 0,
      "is_special_provision": false,
      "mfn_specific_rate": 0,
      "mfn_other_rate": 0,
      "col2_ad_val_rate": 0,
      "col2_specific_rate": 0,
      "col2_other_rate": 0,
      "available_programs": [],
      "additive_duties": [
        {
          "type": "section_301",
          "name": "Section 301 - China Trade",
          "rate": 25,
          "countries": [
            "CN"
          ],
          "label": "Section 301 (25.0%)"
        }
      ]
    },
    {
      "hts8": "26209985",
      "brief_description": "Other ash and residues (other than from the manufacture of iron or steel), containing metals or metal compounds, nesoi",
      "is_chapter_99": false,
      "quantity_1_code": "KG",
      "wto_binding_code": "B",
      "mfn_text_rate": "Free",
      "mfn_rate_type_code": "0",
      "col2_text_rate": "30%",
      "col2_rate_type_code": "7",
      "begin_effect_date": "2002-01-10",
      "end_effective_date": "2050-12-31",
      "mfn_ad_val_rate": 0,
      "is_special_provision": false,
      "mfn_specific_rate": 0,
      "mfn_other_rate": 0,
      "col2_ad_val_rate": 0.3,
      "col2_specific_rate": 0,
      "col2_other_rate": 0,
      "ntr_suspended_countries": [
        "RU",
        "BY"
      ],
      "has_special_trade_action": true,
      "trade_action_rate": 30,
      "trade_action_countries": [],
      "trade_action_label": "Trade Action Tariff (30.0%)",
      "available_programs": [],
      "additive_duties": [
        {
          "type": "section_301",
          "name": "Section 301 - China Trade",
          "rate": 25,
          "countries": [
            "CN"
          ],
          "label": "Section 301 (25.0%)"
        }
      ]
    },
    {
      "hts8": "26211000",
      "brief_description": "Ash and residues from the incineraction of municipal waste",
      "is_chapter_99": false,
      "quantity_1_code": "T",
      "wto_binding_code": "B",
      "mfn_text_rate": "Free",
      "mfn_rate_type_code": "0",
      "col2_text_rate": "Free",
      "col2_rate_type_code": "0",
      "begin_effect_date": "2002-01-10",
      "end_effective_date": "2050-12-31",
      "mfn_ad_val_rate": 0,
      "is_special_provision": false,
      "mfn_specific_rate": 0,
      "mfn_other_rate": 0,
      "col2_ad_val_rate": 0,
      "col2_specific_rate": 0,
      "col2_other_rate": 0,
      "available_programs": [],
      "additive_duties": [
        {
          "type": "section_301",
          "name": "Section 301 - China Trade",
          "rate": 25,
          "countries": [
            "CN"
          ],
          "label": "Section 301 (25.0%)"
        }
      ]
    },
    {
      "hts8": "26219000",
      "brief_description": "Other slag and ash, including seaweed ash (kelp), not elsewhere specified or included",
      "is_chapter_99": false,
      "quantity_1_code": "T",
      "wto_binding_code": "B",
      "mfn_text_rate": "Free",
      "mfn_rate_type_code": "0",
      "col2_text_rate": "Free",
      "col2_rate_type_code": "0",
      "begin_effect_date": "2002-01-10",
      "end_effective_date": "2050-12-31",
      "mfn_ad_val_rate": 0,
      "is_special_provision": false,
      "mfn_specific_rate": 0,
      "mfn_other_rate": 0,
      "col2_ad_val_rate": 0,
      "col2_specific_rate": 0,
      "col2_other_rate": 0,
      "available_programs": [],
      "additive_duties": [
        {
          "type": "section_301",
          "name": "Section 301 - China Trade",
          "rate": 25,
          "countries": [
            "CN"
          ],
          "label": "Section 301 (25.0%)"
        }
      ]
    }
  ]
}