{
  "segment": "814",
  "description": "HTS codes starting with 814",
  "count": 3,
  "entries": [
    {
      "hts8": "8140010",
      "brief_description": "Peel of orange or citron, fresh, frozen, dried or provisionally preserved in brine, in sulfur water or other preservative solutions",
      "is_chapter_99": false,
      "quantity_1_code": "KG",
      "wto_binding_code": "B",
      "mfn_text_rate": "Free",
      "mfn_rate_type_code": "0",
      "col2_text_rate": "4.4 cents/kg",
      "col2_rate_type_code": "1",
      "begin_effect_date": "1989-01-01",
      "end_effective_date": "2050-12-31",
      "mfn_ad_val_rate": 0,
      "is_special_provision": false,
      "mfn_specific_rate": 0,
      "mfn_other_rate": 0,
      "col2_ad_val_rate": 0,
      "col2_specific_rate": 0.044,
      "col2_other_rate": 0,
      "available_programs": [],
      "additive_duties": [
        {
          "type": "section_301",
          "name": "Section 301 - China Trade",
          "rate": 25,
          "countries": [
            "CN"
          ],
          "label": "Section 301 (25.0%)"
        }
      ]
    },
    {
      "hts8": "8140040",
      "brief_description": "Lime peel, fresh, frozen or in brine",
      "is_chapter_99": false,
      "quantity_1_code": "KG",
      "wto_binding_code": "B",
      "mfn_text_rate": "1.6 cents/kg",
      "mfn_rate_type_code": "1",
      "col2_text_rate": "4.4 cents/kg",
      "col2_rate_type_code": "1",
      "begin_effect_date": "2020-07-01",
      "end_effective_date": "2050-12-31",
      "mfn_ad_val_rate": 0,
      "is_special_provision": false,
      "mfn_specific_rate": 0.016,
      "mfn_other_rate": 0,
      "col2_ad_val_rate": 0,
      "col2_specific_rate": 0.044,
      "col2_other_rate": 0,
      "available_programs": [
        {
          "program_key": "cbi",
          "program_name": "Caribbean Basin",
          "rate": 0
        },
        {
          "program_key": "jordan",
          "program_name": "Jordan FTA",
          "rate": 0
        },
        {
          "program_key": "singapore",
          "program_name": "Singapore FTA",
          "rate": 0
        },
        {
          "program_key": "chile",
          "program_name": "Chile FTA",
          "rate": 0
        },
        {
          "program_key": "morocco",
          "program_name": "Morocco FTA",
          "rate": 0
        },
        {
          "program_key": "australia",
          "program_name": "Australia FTA",
          "rate": 0
        },
        {
          "program_key": "bahrain",
          "program_name": "Bahrain FTA",
          "rate": 0
        },
        {
          "program_key": "dr_cafta",
          "program_name": "CAFTA-DR",
          "rate": 0
        },
        {
          "program_key": "oman",
          "program_name": "Oman FTA",
          "rate": 0
        },
        {
          "program_key": "peru",
          "program_name": "Peru TPA",
          "rate": 0
        },
        {
          "program_key": "korea",
          "program_name": "Korea FTA",
          "rate": 0
        },
        {
          "program_key": "colombia",
          "program_name": "Colombia TPA",
          "rate": 0
        },
        {
          "program_key": "panama",
          "program_name": "Panama TPA",
          "rate": 0
        },
        {
          "program_key": "usmca",
          "program_name": "USMCA",
          "rate": 0
        }
      ],
      "gsp_indicator": "A",
      "mexico_rate_type_code": "0",
      "mexico_specific_rate": "0.0",
      "cbi_indicator": "E",
      "cbi_ad_val_rate": 0,
      "cbi_specific_rate": "0.0",
      "agoa_indicator": "D",
      "israel_fta_indicator": "IL",
      "jordan_indicator": "JO",
      "jordan_ad_val_rate": 0,
      "jordan_rate_type_code": "0.0",
      "jordan_specific_rate": "0.0",
      "jordan_other_rate": "0.0",
      "singapore_indicator": "SG",
      "singapore_ad_val_rate": 0,
      "singapore_rate_type_code": "0.0",
      "singapore_specific_rate": "0.0",
      "singapore_other_rate": "0.0",
      "chile_indicator": "CL",
      "chile_ad_val_rate": 0,
      "chile_rate_type_code": "0.0",
      "chile_specific_rate": "0.0",
      "chile_other_rate": "0.0",
      "morocco_indicator": "MA",
      "morocco_ad_val_rate": 0,
      "morocco_rate_type_code": "0.0",
      "morocco_specific_rate": "0.0",
      "morocco_other_rate": "0.0",
      "australia_indicator": "AU",
      "australia_ad_val_rate": 0,
      "australia_rate_type_code": "0.0",
      "australia_specific_rate": "0.0",
      "australia_other_rate": "0.0",
      "bahrain_indicator": "BH",
      "bahrain_ad_val_rate": 0,
      "bahrain_rate_type_code": "0",
      "bahrain_specific_rate": "0.0",
      "bahrain_other_rate": "0.0",
      "dr_cafta_indicator": "P",
      "dr_cafta_ad_val_rate": 0,
      "dr_cafta_rate_type_code": "0",
      "dr_cafta_specific_rate": "0.0",
      "dr_cafta_other_rate": "0.0",
      "oman_indicator": "OM",
      "oman_ad_val_rate": 0,
      "oman_rate_type_code": "0.0",
      "oman_specific_rate": "0.0",
      "oman_other_rate": "0.0",
      "peru_indicator": "PE",
      "peru_ad_val_rate": 0,
      "peru_rate_type_code": "0.0",
      "peru_specific_rate": "0.0",
      "peru_other_rate": "0.0",
      "korea_indicator": "KR",
      "korea_ad_val_rate": 0,
      "korea_rate_type_code": "0.0",
      "korea_specific_rate": "0.0",
      "korea_other_rate": "0.0",
      "colombia_indicator": "CO",
      "colombia_ad_val_rate": 0,
      "colombia_rate_type_code": "0.0",
      "colombia_specific_rate": "0.0",
      "colombia_other_rate": "0.0",
      "panama_indicator": "PA",
      "panama_ad_val_rate": 0,
      "panama_rate_type_code": "0",
      "panama_specific_rate": "0.0",
      "panama_other_rate": "0.0",
      "usmca_indicator": "S",
      "usmca_ad_val_rate": 0,
      "usmca_rate_type_code": "0.0",
      "usmca_specific_rate": "0.0",
      "usmca_other_rate": "0.0",
      "additive_duties": [
        {
          "type": "section_301",
          "name": "Section 301 - China Trade",
          "rate": 25,
          "countries": [
            "CN"
          ],
          "label": "Section 301 (25.0%)"
        }
      ]
    },
    {
      "hts8": "8140080",
      "brief_description": "Peel of citrus fruit, excl. orange or citron and peel, nesoi, of melon, fresh, frozen, dried or provisionally preserved",
      "is_chapter_99": false,
      "quantity_1_code": "KG",
      "wto_binding_code": "B",
      "mfn_text_rate": "1.6 cents/kg",
      "mfn_rate_type_code": "1",
      "col2_text_rate": "4.4 cents/kg",
      "col2_rate_type_code": "1",
      "begin_effect_date": "2020-07-01",
      "end_effective_date": "2050-12-31",
      "mfn_ad_val_rate": 0,
      "is_special_provision": false,
      "mfn_specific_rate": 0.016,
      "mfn_other_rate": 0,
      "col2_ad_val_rate": 0,
      "col2_specific_rate": 0.044,
      "col2_other_rate": 0,
      "available_programs": [
        {
          "program_key": "cbi",
          "program_name": "Caribbean Basin",
          "rate": 0
        },
        {
          "program_key": "jordan",
          "program_name": "Jordan FTA",
          "rate": 0
        },
        {
          "program_key": "singapore",
          "program_name": "Singapore FTA",
          "rate": 0
        },
        {
          "program_key": "chile",
          "program_name": "Chile FTA",
          "rate": 0
        },
        {
          "program_key": "morocco",
          "program_name": "Morocco FTA",
          "rate": 0
        },
        {
          "program_key": "australia",
          "program_name": "Australia FTA",
          "rate": 0
        },
        {
          "program_key": "bahrain",
          "program_name": "Bahrain FTA",
          "rate": 0
        },
        {
          "program_key": "dr_cafta",
          "program_name": "CAFTA-DR",
          "rate": 0
        },
        {
          "program_key": "oman",
          "program_name": "Oman FTA",
          "rate": 0
        },
        {
          "program_key": "peru",
          "program_name": "Peru TPA",
          "rate": 0
        },
        {
          "program_key": "korea",
          "program_name": "Korea FTA",
          "rate": 0
        },
        {
          "program_key": "colombia",
          "program_name": "Colombia TPA",
          "rate": 0
        },
        {
          "program_key": "panama",
          "program_name": "Panama TPA",
          "rate": 0
        },
        {
          "program_key": "usmca",
          "program_name": "USMCA",
          "rate": 0
        }
      ],
      "gsp_indicator": "A+",
      "mexico_rate_type_code": "0",
      "mexico_specific_rate": "0.0",
      "cbi_indicator": "E",
      "cbi_ad_val_rate": 0,
      "cbi_specific_rate": "0.0",
      "agoa_indicator": "D",
      "israel_fta_indicator": "IL",
      "jordan_indicator": "JO",
      "jordan_ad_val_rate": 0,
      "jordan_rate_type_code": "0.0",
      "jordan_specific_rate": "0.0",
      "jordan_other_rate": "0.0",
      "singapore_indicator": "SG",
      "singapore_ad_val_rate": 0,
      "singapore_rate_type_code": "0.0",
      "singapore_specific_rate": "0.0",
      "singapore_other_rate": "0.0",
      "chile_indicator": "CL",
      "chile_ad_val_rate": 0,
      "chile_rate_type_code": "0.0",
      "chile_specific_rate": "0.0",
      "chile_other_rate": "0.0",
      "morocco_indicator": "MA",
      "morocco_ad_val_rate": 0,
      "morocco_rate_type_code": "0.0",
      "morocco_specific_rate": "0.0",
      "morocco_other_rate": "0.0",
      "australia_indicator": "AU",
      "australia_ad_val_rate": 0,
      "australia_rate_type_code": "0.0",
      "australia_specific_rate": "0.0",
      "australia_other_rate": "0.0",
      "bahrain_indicator": "BH",
      "bahrain_ad_val_rate": 0,
      "bahrain_rate_type_code": "0",
      "bahrain_specific_rate": "0.0",
      "bahrain_other_rate": "0.0",
      "dr_cafta_indicator": "P",
      "dr_cafta_ad_val_rate": 0,
      "dr_cafta_rate_type_code": "0",
      "dr_cafta_specific_rate": "0.0",
      "dr_cafta_other_rate": "0.0",
      "oman_indicator": "OM",
      "oman_ad_val_rate": 0,
      "oman_rate_type_code": "0.0",
      "oman_specific_rate": "0.0",
      "oman_other_rate": "0.0",
      "peru_indicator": "PE",
      "peru_ad_val_rate": 0,
      "peru_rate_type_code": "0.0",
      "peru_specific_rate": "0.0",
      "peru_other_rate": "0.0",
      "korea_indicator": "KR",
      "korea_ad_val_rate": 0,
      "korea_rate_type_code": "0.0",
      "korea_specific_rate": "0.0",
      "korea_other_rate": "0.0",
      "colombia_indicator": "CO",
      "colombia_ad_val_rate": 0,
      "colombia_rate_type_code": "0.0",
      "colombia_specific_rate": "0.0",
      "colombia_other_rate": "0.0",
      "panama_indicator": "PA",
      "panama_ad_val_rate": 0,
      "panama_rate_type_code": "0",
      "panama_specific_rate": "0.0",
      "panama_other_rate": "0.0",
      "usmca_indicator": "S",
      "usmca_ad_val_rate": 0,
      "usmca_rate_type_code": "0.0",
      "usmca_specific_rate": "0.0",
      "usmca_other_rate": "0.0",
      "additive_duties": [
        {
          "type": "section_301",
          "name": "Section 301 - China Trade",
          "rate": 25,
          "countries": [
            "CN"
          ],
          "label": "Section 301 (25.0%)"
        }
      ]
    }
  ]
}