{
  "segment": "300",
  "description": "HTS codes starting with 300",
  "count": 60,
  "entries": [
    {
      "hts8": "30012000",
      "brief_description": "Extracts of glands or other organs or of their secretions for organotherapeutic uses",
      "is_chapter_99": false,
      "quantity_1_code": "KG",
      "wto_binding_code": "B",
      "mfn_text_rate": "Free",
      "mfn_rate_type_code": "0",
      "col2_text_rate": "10%",
      "col2_rate_type_code": "7",
      "begin_effect_date": "1995-01-01",
      "end_effective_date": "2050-12-31",
      "mfn_ad_val_rate": 0,
      "is_special_provision": false,
      "mfn_specific_rate": 0,
      "mfn_other_rate": 0,
      "col2_ad_val_rate": 0.1,
      "col2_specific_rate": 0,
      "col2_other_rate": 0,
      "ntr_suspended_countries": [
        "RU",
        "BY"
      ],
      "has_special_trade_action": true,
      "trade_action_rate": 10,
      "trade_action_countries": [
        "CA"
      ],
      "trade_action_label": "Trade Action Tariff (10%)",
      "available_programs": [],
      "additive_duties": [
        {
          "type": "section_301",
          "name": "Section 301 - China Trade",
          "rate": 25,
          "countries": [
            "CN"
          ],
          "label": "Section 301 (25.0%)"
        }
      ]
    },
    {
      "hts8": "30019001",
      "brief_description": "Glands and other organs for organotherapeutic uses, dried, whether or not powdered",
      "is_chapter_99": false,
      "quantity_1_code": "KG",
      "wto_binding_code": "B",
      "mfn_text_rate": "Free",
      "mfn_rate_type_code": "0",
      "col2_text_rate": "Free",
      "col2_rate_type_code": "0",
      "begin_effect_date": "2007-01-01",
      "end_effective_date": "2050-12-31",
      "mfn_ad_val_rate": 0,
      "is_special_provision": false,
      "mfn_specific_rate": 0,
      "mfn_other_rate": 0,
      "col2_ad_val_rate": 0,
      "col2_specific_rate": 0,
      "col2_other_rate": 0,
      "available_programs": [],
      "additive_duties": [
        {
          "type": "section_301",
          "name": "Section 301 - China Trade",
          "rate": 25,
          "countries": [
            "CN"
          ],
          "label": "Section 301 (25.0%)"
        }
      ]
    },
    {
      "hts8": "30021200",
      "brief_description": "Antisera and other blood fractions including human blood and fetal bovine serum",
      "is_chapter_99": false,
      "quantity_1_code": "KG",
      "wto_binding_code": "B",
      "mfn_text_rate": "Free",
      "mfn_rate_type_code": "0",
      "col2_text_rate": "Free",
      "col2_rate_type_code": "0",
      "begin_effect_date": "2017-01-01",
      "end_effective_date": "2050-12-31",
      "mfn_ad_val_rate": 0,
      "is_special_provision": false,
      "mfn_specific_rate": 0,
      "mfn_other_rate": 0,
      "col2_ad_val_rate": 0,
      "col2_specific_rate": 0,
      "col2_other_rate": 0,
      "available_programs": [],
      "additive_duties": [
        {
          "type": "section_301",
          "name": "Section 301 - China Trade",
          "rate": 25,
          "countries": [
            "CN"
          ],
          "label": "Section 301 (25.0%)"
        }
      ]
    },
    {
      "hts8": "30021300",
      "brief_description": "Immunological products, unmixed, not put up in measured doses or in forms or packings for retail sale",
      "is_chapter_99": false,
      "quantity_1_code": "KG",
      "wto_binding_code": "B",
      "mfn_text_rate": "Free",
      "mfn_rate_type_code": "0",
      "col2_text_rate": "Free",
      "col2_rate_type_code": "0",
      "begin_effect_date": "2017-01-01",
      "end_effective_date": "2050-12-31",
      "mfn_ad_val_rate": 0,
      "is_special_provision": false,
      "mfn_specific_rate": 0,
      "mfn_other_rate": 0,
      "col2_ad_val_rate": 0,
      "col2_specific_rate": 0,
      "col2_other_rate": 0,
      "available_programs": [],
      "additive_duties": [
        {
          "type": "section_301",
          "name": "Section 301 - China Trade",
          "rate": 25,
          "countries": [
            "CN"
          ],
          "label": "Section 301 (25.0%)"
        }
      ]
    },
    {
      "hts8": "30021400",
      "brief_description": "Immunological products, mixed, not put up in measured doses or in forms or packings for retail sale",
      "is_chapter_99": false,
      "quantity_1_code": "KG",
      "wto_binding_code": "B",
      "mfn_text_rate": "Free",
      "mfn_rate_type_code": "0",
      "col2_text_rate": "Free",
      "col2_rate_type_code": "0",
      "begin_effect_date": "2017-01-01",
      "end_effective_date": "2050-12-31",
      "mfn_ad_val_rate": 0,
      "is_special_provision": false,
      "mfn_specific_rate": 0,
      "mfn_other_rate": 0,
      "col2_ad_val_rate": 0,
      "col2_specific_rate": 0,
      "col2_other_rate": 0,
      "available_programs": [],
      "additive_duties": [
        {
          "type": "section_301",
          "name": "Section 301 - China Trade",
          "rate": 25,
          "countries": [
            "CN"
          ],
          "label": "Section 301 (25.0%)"
        }
      ]
    },
    {
      "hts8": "30021500",
      "brief_description": "Immunological products, put up in measured doses or in forms or packings for retail sale",
      "is_chapter_99": false,
      "quantity_1_code": "KG",
      "wto_binding_code": "B",
      "mfn_text_rate": "Free",
      "mfn_rate_type_code": "0",
      "col2_text_rate": "Free",
      "col2_rate_type_code": "0",
      "begin_effect_date": "2017-01-01",
      "end_effective_date": "2050-12-31",
      "mfn_ad_val_rate": 0,
      "is_special_provision": false,
      "mfn_specific_rate": 0,
      "mfn_other_rate": 0,
      "col2_ad_val_rate": 0,
      "col2_specific_rate": 0,
      "col2_other_rate": 0,
      "available_programs": [],
      "additive_duties": [
        {
          "type": "section_301",
          "name": "Section 301 - China Trade",
          "rate": 25,
          "countries": [
            "CN"
          ],
          "label": "Section 301 (25.0%)"
        }
      ]
    },
    {
      "hts8": "30024100",
      "brief_description": "Vaccines for human medicine",
      "is_chapter_99": false,
      "quantity_1_code": "KG",
      "wto_binding_code": "B",
      "mfn_text_rate": "Free",
      "mfn_rate_type_code": "0",
      "col2_text_rate": "Free",
      "col2_rate_type_code": "0",
      "begin_effect_date": "2022-01-27",
      "end_effective_date": "2050-12-31",
      "mfn_ad_val_rate": 0,
      "is_special_provision": false,
      "mfn_specific_rate": 0,
      "mfn_other_rate": 0,
      "col2_ad_val_rate": 0,
      "col2_specific_rate": 0,
      "col2_other_rate": 0,
      "available_programs": [],
      "additive_duties": [
        {
          "type": "section_301",
          "name": "Section 301 - China Trade",
          "rate": 25,
          "countries": [
            "CN"
          ],
          "label": "Section 301 (25.0%)"
        }
      ]
    },
    {
      "hts8": "30024200",
      "brief_description": "Vaccines for veterinary medicine",
      "is_chapter_99": false,
      "quantity_1_code": "KG",
      "wto_binding_code": "B",
      "mfn_text_rate": "Free",
      "mfn_rate_type_code": "0",
      "col2_text_rate": "Free",
      "col2_rate_type_code": "0",
      "begin_effect_date": "2022-01-27",
      "end_effective_date": "2050-12-31",
      "mfn_ad_val_rate": 0,
      "is_special_provision": false,
      "mfn_specific_rate": 0,
      "mfn_other_rate": 0,
      "col2_ad_val_rate": 0,
      "col2_specific_rate": 0,
      "col2_other_rate": 0,
      "available_programs": [],
      "additive_duties": [
        {
          "type": "section_301",
          "name": "Section 301 - China Trade",
          "rate": 25,
          "countries": [
            "CN"
          ],
          "label": "Section 301 (25.0%)"
        }
      ]
    },
    {
      "hts8": "30024900",
      "brief_description": "Toxins or cultures of micro-organisms (excluding yeasts)",
      "is_chapter_99": false,
      "quantity_1_code": "KG",
      "wto_binding_code": "B",
      "mfn_text_rate": "Free",
      "mfn_rate_type_code": "0",
      "col2_text_rate": "Free",
      "col2_rate_type_code": "0",
      "begin_effect_date": "2022-01-27",
      "end_effective_date": "2050-12-31",
      "mfn_ad_val_rate": 0,
      "is_special_provision": false,
      "mfn_specific_rate": 0,
      "mfn_other_rate": 0,
      "col2_ad_val_rate": 0,
      "col2_specific_rate": 0,
      "col2_other_rate": 0,
      "available_programs": [],
      "additive_duties": [
        {
          "type": "section_301",
          "name": "Section 301 - China Trade",
          "rate": 25,
          "countries": [
            "CN"
          ],
          "label": "Section 301 (25.0%)"
        }
      ]
    },
    {
      "hts8": "30025100",
      "brief_description": "Cell therapy products",
      "is_chapter_99": false,
      "quantity_1_code": "KG",
      "wto_binding_code": "B",
      "mfn_text_rate": "Free",
      "mfn_rate_type_code": "0",
      "col2_text_rate": "Free",
      "col2_rate_type_code": "0",
      "begin_effect_date": "2022-01-27",
      "end_effective_date": "2050-12-31",
      "mfn_ad_val_rate": 0,
      "is_special_provision": false,
      "mfn_specific_rate": 0,
      "mfn_other_rate": 0,
      "col2_ad_val_rate": 0,
      "col2_specific_rate": 0,
      "col2_other_rate": 0,
      "available_programs": [],
      "additive_duties": [
        {
          "type": "section_301",
          "name": "Section 301 - China Trade",
          "rate": 25,
          "countries": [
            "CN"
          ],
          "label": "Section 301 (25.0%)"
        }
      ]
    },
    {
      "hts8": "30025900",
      "brief_description": "Other cell cultures, other than cell therapy products",
      "is_chapter_99": false,
      "quantity_1_code": "KG",
      "wto_binding_code": "B",
      "mfn_text_rate": "Free",
      "mfn_rate_type_code": "0",
      "col2_text_rate": "Free",
      "col2_rate_type_code": "0",
      "begin_effect_date": "2022-01-27",
      "end_effective_date": "2050-12-31",
      "mfn_ad_val_rate": 0,
      "is_special_provision": false,
      "mfn_specific_rate": 0,
      "mfn_other_rate": 0,
      "col2_ad_val_rate": 0,
      "col2_specific_rate": 0,
      "col2_other_rate": 0,
      "available_programs": [],
      "additive_duties": [
        {
          "type": "section_301",
          "name": "Section 301 - China Trade",
          "rate": 25,
          "countries": [
            "CN"
          ],
          "label": "Section 301 (25.0%)"
        }
      ]
    },
    {
      "hts8": "30029010",
      "brief_description": "Ferments, excluding yeasts",
      "is_chapter_99": false,
      "quantity_1_code": "KG",
      "wto_binding_code": "B",
      "mfn_text_rate": "Free",
      "mfn_rate_type_code": "0",
      "col2_text_rate": "25%",
      "col2_rate_type_code": "7",
      "begin_effect_date": "1995-01-01",
      "end_effective_date": "2050-12-31",
      "mfn_ad_val_rate": 0,
      "is_special_provision": false,
      "mfn_specific_rate": 0,
      "mfn_other_rate": 0,
      "col2_ad_val_rate": 0.25,
      "col2_specific_rate": 0,
      "col2_other_rate": 0,
      "ntr_suspended_countries": [
        "RU",
        "BY"
      ],
      "has_special_trade_action": true,
      "trade_action_rate": 25,
      "trade_action_countries": [
        "CA",
        "MX"
      ],
      "trade_action_label": "Trade Action Tariff (25%)",
      "available_programs": [],
      "additive_duties": [
        {
          "type": "section_301",
          "name": "Section 301 - China Trade",
          "rate": 25,
          "countries": [
            "CN"
          ],
          "label": "Section 301 (25.0%)"
        }
      ]
    },
    {
      "hts8": "30029052",
      "brief_description": "Human blood; animal blood prepared for therapeutic, prophylactic, diagnostic uses; antisera; antiallergenic preparations nesoi & like products",
      "is_chapter_99": false,
      "quantity_1_code": "KG",
      "wto_binding_code": "B",
      "mfn_text_rate": "Free",
      "mfn_rate_type_code": "0",
      "col2_text_rate": "Free",
      "col2_rate_type_code": "0",
      "begin_effect_date": "2022-01-27",
      "end_effective_date": "2050-12-31",
      "mfn_ad_val_rate": 0,
      "is_special_provision": false,
      "mfn_specific_rate": 0,
      "mfn_other_rate": 0,
      "col2_ad_val_rate": 0,
      "col2_specific_rate": 0,
      "col2_other_rate": 0,
      "available_programs": [],
      "additive_duties": [
        {
          "type": "section_301",
          "name": "Section 301 - China Trade",
          "rate": 25,
          "countries": [
            "CN"
          ],
          "label": "Section 301 (25.0%)"
        }
      ]
    },
    {
      "hts8": "30031000",
      "brief_description": "Medicaments, cont. penicillins or streptomycins, not dosage form and not packed for retail",
      "is_chapter_99": false,
      "quantity_1_code": "KG",
      "wto_binding_code": "B",
      "mfn_text_rate": "Free",
      "mfn_rate_type_code": "0",
      "col2_text_rate": "15.4 cents/kg + 49%",
      "col2_rate_type_code": "4",
      "begin_effect_date": "1995-01-01",
      "end_effective_date": "2050-12-31",
      "mfn_ad_val_rate": 0,
      "is_special_provision": false,
      "mfn_specific_rate": 0,
      "mfn_other_rate": 0,
      "col2_ad_val_rate": 0.49,
      "col2_specific_rate": 0.154,
      "col2_other_rate": 0,
      "ntr_suspended_countries": [
        "RU",
        "BY"
      ],
      "has_special_trade_action": true,
      "trade_action_rate": 49,
      "trade_action_countries": [],
      "trade_action_label": "Trade Action Tariff (49.0%)",
      "available_programs": [],
      "additive_duties": [
        {
          "type": "section_301",
          "name": "Section 301 - China Trade",
          "rate": 25,
          "countries": [
            "CN"
          ],
          "label": "Section 301 (25.0%)"
        }
      ]
    },
    {
      "hts8": "30032000",
      "brief_description": "Medicaments containing antibiotics, nesoi, not dosage form and not packaged for retail",
      "is_chapter_99": false,
      "quantity_1_code": "KG",
      "wto_binding_code": "B",
      "mfn_text_rate": "Free",
      "mfn_rate_type_code": "0",
      "col2_text_rate": "25%",
      "col2_rate_type_code": "7",
      "begin_effect_date": "1995-01-01",
      "end_effective_date": "2050-12-31",
      "mfn_ad_val_rate": 0,
      "is_special_provision": false,
      "mfn_specific_rate": 0,
      "mfn_other_rate": 0,
      "col2_ad_val_rate": 0.25,
      "col2_specific_rate": 0,
      "col2_other_rate": 0,
      "ntr_suspended_countries": [
        "RU",
        "BY"
      ],
      "has_special_trade_action": true,
      "trade_action_rate": 25,
      "trade_action_countries": [
        "CA",
        "MX"
      ],
      "trade_action_label": "Trade Action Tariff (25%)",
      "available_programs": [],
      "additive_duties": [
        {
          "type": "section_301",
          "name": "Section 301 - China Trade",
          "rate": 25,
          "countries": [
            "CN"
          ],
          "label": "Section 301 (25.0%)"
        }
      ]
    },
    {
      "hts8": "30033100",
      "brief_description": "Medicaments containing insulin, not dosage form and not packed for retail",
      "is_chapter_99": false,
      "quantity_1_code": "KG",
      "wto_binding_code": "B",
      "mfn_text_rate": "Free",
      "mfn_rate_type_code": "0",
      "col2_text_rate": "25%",
      "col2_rate_type_code": "7",
      "begin_effect_date": "1995-01-01",
      "end_effective_date": "2050-12-31",
      "mfn_ad_val_rate": 0,
      "is_special_provision": false,
      "mfn_specific_rate": 0,
      "mfn_other_rate": 0,
      "col2_ad_val_rate": 0.25,
      "col2_specific_rate": 0,
      "col2_other_rate": 0,
      "ntr_suspended_countries": [
        "RU",
        "BY"
      ],
      "has_special_trade_action": true,
      "trade_action_rate": 25,
      "trade_action_countries": [
        "CA",
        "MX"
      ],
      "trade_action_label": "Trade Action Tariff (25%)",
      "available_programs": [],
      "additive_duties": [
        {
          "type": "section_301",
          "name": "Section 301 - China Trade",
          "rate": 25,
          "countries": [
            "CN"
          ],
          "label": "Section 301 (25.0%)"
        }
      ]
    },
    {
      "hts8": "30033910",
      "brief_description": "Medicaments containing artificial mixtures of natural hormones, but not antibiotics, not dosage form and not packed for retail",
      "is_chapter_99": false,
      "quantity_1_code": "GM",
      "wto_binding_code": "B",
      "mfn_text_rate": "Free",
      "mfn_rate_type_code": "0",
      "col2_text_rate": "25%",
      "col2_rate_type_code": "7",
      "begin_effect_date": "1995-01-01",
      "end_effective_date": "2050-12-31",
      "mfn_ad_val_rate": 0,
      "is_special_provision": false,
      "mfn_specific_rate": 0,
      "mfn_other_rate": 0,
      "col2_ad_val_rate": 0.25,
      "col2_specific_rate": 0,
      "col2_other_rate": 0,
      "ntr_suspended_countries": [
        "RU",
        "BY"
      ],
      "has_special_trade_action": true,
      "trade_action_rate": 25,
      "trade_action_countries": [
        "CA",
        "MX"
      ],
      "trade_action_label": "Trade Action Tariff (25%)",
      "available_programs": [],
      "additive_duties": [
        {
          "type": "section_301",
          "name": "Section 301 - China Trade",
          "rate": 25,
          "countries": [
            "CN"
          ],
          "label": "Section 301 (25.0%)"
        }
      ]
    },
    {
      "hts8": "30033950",
      "brief_description": "Medicaments containing products of heading 2937, nesoi, but not antibiotics, not dosage form and not packed for retail",
      "is_chapter_99": false,
      "quantity_1_code": "KG",
      "wto_binding_code": "B",
      "mfn_text_rate": "Free",
      "mfn_rate_type_code": "0",
      "col2_text_rate": "30%",
      "col2_rate_type_code": "7",
      "begin_effect_date": "1995-01-01",
      "end_effective_date": "2050-12-31",
      "mfn_ad_val_rate": 0,
      "is_special_provision": false,
      "mfn_specific_rate": 0,
      "mfn_other_rate": 0,
      "col2_ad_val_rate": 0.3,
      "col2_specific_rate": 0,
      "col2_other_rate": 0,
      "ntr_suspended_countries": [
        "RU",
        "BY"
      ],
      "has_special_trade_action": true,
      "trade_action_rate": 30,
      "trade_action_countries": [],
      "trade_action_label": "Trade Action Tariff (30.0%)",
      "available_programs": [],
      "additive_duties": [
        {
          "type": "section_301",
          "name": "Section 301 - China Trade",
          "rate": 25,
          "countries": [
            "CN"
          ],
          "label": "Section 301 (25.0%)"
        }
      ]
    },
    {
      "hts8": "30034100",
      "brief_description": "Medicaments containing ephedrine or its salts, not dosage form and not packed for retail",
      "is_chapter_99": false,
      "quantity_1_code": "KG",
      "wto_binding_code": "B",
      "mfn_text_rate": "Free",
      "mfn_rate_type_code": "0",
      "col2_text_rate": "Free",
      "col2_rate_type_code": "0",
      "begin_effect_date": "2017-01-01",
      "end_effective_date": "2050-12-31",
      "mfn_ad_val_rate": 0,
      "is_special_provision": false,
      "mfn_specific_rate": 0,
      "mfn_other_rate": 0,
      "col2_ad_val_rate": 0,
      "col2_specific_rate": 0,
      "col2_other_rate": 0,
      "available_programs": [],
      "additive_duties": [
        {
          "type": "section_301",
          "name": "Section 301 - China Trade",
          "rate": 25,
          "countries": [
            "CN"
          ],
          "label": "Section 301 (25.0%)"
        }
      ]
    },
    {
      "hts8": "30034200",
      "brief_description": "Medicaments containing pseudoephedrine (INN) or its salts, not dosage form and not packed for retail",
      "is_chapter_99": false,
      "quantity_1_code": "KG",
      "wto_binding_code": "B",
      "mfn_text_rate": "Free",
      "mfn_rate_type_code": "0",
      "col2_text_rate": "Free",
      "col2_rate_type_code": "0",
      "begin_effect_date": "2017-01-01",
      "end_effective_date": "2050-12-31",
      "mfn_ad_val_rate": 0,
      "is_special_provision": false,
      "mfn_specific_rate": 0,
      "mfn_other_rate": 0,
      "col2_ad_val_rate": 0,
      "col2_specific_rate": 0,
      "col2_other_rate": 0,
      "available_programs": [],
      "additive_duties": [
        {
          "type": "section_301",
          "name": "Section 301 - China Trade",
          "rate": 25,
          "countries": [
            "CN"
          ],
          "label": "Section 301 (25.0%)"
        }
      ]
    },
    {
      "hts8": "30034300",
      "brief_description": "Medicaments containing norephedrine or its salts, not dosage form and not packed for retail",
      "is_chapter_99": false,
      "quantity_1_code": "KG",
      "wto_binding_code": "B",
      "mfn_text_rate": "Free",
      "mfn_rate_type_code": "0",
      "col2_text_rate": "Free",
      "col2_rate_type_code": "0",
      "begin_effect_date": "2017-01-01",
      "end_effective_date": "2050-12-31",
      "mfn_ad_val_rate": 0,
      "is_special_provision": false,
      "mfn_specific_rate": 0,
      "mfn_other_rate": 0,
      "col2_ad_val_rate": 0,
      "col2_specific_rate": 0,
      "col2_other_rate": 0,
      "available_programs": [],
      "additive_duties": [
        {
          "type": "section_301",
          "name": "Section 301 - China Trade",
          "rate": 25,
          "countries": [
            "CN"
          ],
          "label": "Section 301 (25.0%)"
        }
      ]
    },
    {
      "hts8": "30034900",
      "brief_description": "Other medicaments containing alkaloids or derivatives thereof, nesoi, not dosage form and not packed for retail",
      "is_chapter_99": false,
      "quantity_1_code": "KG",
      "wto_binding_code": "B",
      "mfn_text_rate": "Free",
      "mfn_rate_type_code": "0",
      "col2_text_rate": "Free",
      "col2_rate_type_code": "0",
      "begin_effect_date": "2017-01-01",
      "end_effective_date": "2050-12-31",
      "mfn_ad_val_rate": 0,
      "is_special_provision": false,
      "mfn_specific_rate": 0,
      "mfn_other_rate": 0,
      "col2_ad_val_rate": 0,
      "col2_specific_rate": 0,
      "col2_other_rate": 0,
      "available_programs": [],
      "additive_duties": [
        {
          "type": "section_301",
          "name": "Section 301 - China Trade",
          "rate": 25,
          "countries": [
            "CN"
          ],
          "label": "Section 301 (25.0%)"
        }
      ]
    },
    {
      "hts8": "30036000",
      "brief_description": "Other medicaments containing antimalarial active principles described in subheading note 2 to this chapter, not dosage form and not packed for retail",
      "is_chapter_99": false,
      "quantity_1_code": "KG",
      "wto_binding_code": "B",
      "mfn_text_rate": "Free",
      "mfn_rate_type_code": "0",
      "col2_text_rate": "Free",
      "col2_rate_type_code": "0",
      "begin_effect_date": "2017-01-01",
      "end_effective_date": "2050-12-31",
      "mfn_ad_val_rate": 0,
      "is_special_provision": false,
      "mfn_specific_rate": 0,
      "mfn_other_rate": 0,
      "col2_ad_val_rate": 0,
      "col2_specific_rate": 0,
      "col2_other_rate": 0,
      "available_programs": [],
      "additive_duties": [
        {
          "type": "section_301",
          "name": "Section 301 - China Trade",
          "rate": 25,
          "countries": [
            "CN"
          ],
          "label": "Section 301 (25.0%)"
        }
      ]
    },
    {
      "hts8": "30039001",
      "brief_description": "Other medicaments excl goods of heading 3002, 3005, 3006 consist of two or more consituents mixed together, not dosage form and not packed for retail",
      "is_chapter_99": false,
      "quantity_1_code": "KG",
      "wto_binding_code": "B",
      "mfn_text_rate": "Free",
      "mfn_rate_type_code": "0",
      "col2_text_rate": "30%",
      "col2_rate_type_code": "7",
      "begin_effect_date": "2017-01-01",
      "end_effective_date": "2050-12-31",
      "mfn_ad_val_rate": 0,
      "is_special_provision": false,
      "mfn_specific_rate": 0,
      "mfn_other_rate": 0,
      "col2_ad_val_rate": 0.3,
      "col2_specific_rate": 0,
      "col2_other_rate": 0,
      "ntr_suspended_countries": [
        "RU",
        "BY"
      ],
      "has_special_trade_action": true,
      "trade_action_rate": 30,
      "trade_action_countries": [],
      "trade_action_label": "Trade Action Tariff (30.0%)",
      "available_programs": [],
      "additive_duties": [
        {
          "type": "section_301",
          "name": "Section 301 - China Trade",
          "rate": 25,
          "countries": [
            "CN"
          ],
          "label": "Section 301 (25.0%)"
        }
      ]
    },
    {
      "hts8": "30041010",
      "brief_description": "Medicaments containing penicillin G salts, in dosage form and packed for retail",
      "is_chapter_99": false,
      "quantity_1_code": "KG",
      "wto_binding_code": "B",
      "mfn_text_rate": "Free",
      "mfn_rate_type_code": "0",
      "col2_text_rate": "15.4 cents/kg + 49%",
      "col2_rate_type_code": "4",
      "begin_effect_date": "1995-01-01",
      "end_effective_date": "2050-12-31",
      "mfn_ad_val_rate": 0,
      "is_special_provision": false,
      "mfn_specific_rate": 0,
      "mfn_other_rate": 0,
      "col2_ad_val_rate": 0.49,
      "col2_specific_rate": 0.154,
      "col2_other_rate": 0,
      "ntr_suspended_countries": [
        "RU",
        "BY"
      ],
      "has_special_trade_action": true,
      "trade_action_rate": 49,
      "trade_action_countries": [],
      "trade_action_label": "Trade Action Tariff (49.0%)",
      "available_programs": [],
      "additive_duties": [
        {
          "type": "section_301",
          "name": "Section 301 - China Trade",
          "rate": 25,
          "countries": [
            "CN"
          ],
          "label": "Section 301 (25.0%)"
        }
      ]
    },
    {
      "hts8": "30041050",
      "brief_description": "Medicaments cont. penicillins or streptomycins, nesoi, in dosage form or packed for retail",
      "is_chapter_99": false,
      "quantity_1_code": "KG",
      "wto_binding_code": "B",
      "mfn_text_rate": "Free",
      "mfn_rate_type_code": "0",
      "col2_text_rate": "15.4 cents/kg + 45%",
      "col2_rate_type_code": "4",
      "begin_effect_date": "1995-01-01",
      "end_effective_date": "2050-12-31",
      "mfn_ad_val_rate": 0,
      "is_special_provision": false,
      "mfn_specific_rate": 0,
      "mfn_other_rate": 0,
      "col2_ad_val_rate": 0.45,
      "col2_specific_rate": 0.154,
      "col2_other_rate": 0,
      "ntr_suspended_countries": [
        "RU",
        "BY"
      ],
      "has_special_trade_action": true,
      "trade_action_rate": 45,
      "trade_action_countries": [],
      "trade_action_label": "Trade Action Tariff (45.0%)",
      "available_programs": [],
      "additive_duties": [
        {
          "type": "section_301",
          "name": "Section 301 - China Trade",
          "rate": 25,
          "countries": [
            "CN"
          ],
          "label": "Section 301 (25.0%)"
        }
      ]
    },
    {
      "hts8": "30042000",
      "brief_description": "Medicaments containing antibiotics, nesoi, in dosage form or packed for retail",
      "is_chapter_99": false,
      "quantity_1_code": "KG",
      "wto_binding_code": "B",
      "mfn_text_rate": "Free",
      "mfn_rate_type_code": "0",
      "col2_text_rate": "25%",
      "col2_rate_type_code": "7",
      "begin_effect_date": "1995-01-01",
      "end_effective_date": "2050-12-31",
      "mfn_ad_val_rate": 0,
      "is_special_provision": false,
      "mfn_specific_rate": 0,
      "mfn_other_rate": 0,
      "col2_ad_val_rate": 0.25,
      "col2_specific_rate": 0,
      "col2_other_rate": 0,
      "ntr_suspended_countries": [
        "RU",
        "BY"
      ],
      "has_special_trade_action": true,
      "trade_action_rate": 25,
      "trade_action_countries": [
        "CA",
        "MX"
      ],
      "trade_action_label": "Trade Action Tariff (25%)",
      "available_programs": [],
      "additive_duties": [
        {
          "type": "section_301",
          "name": "Section 301 - China Trade",
          "rate": 25,
          "countries": [
            "CN"
          ],
          "label": "Section 301 (25.0%)"
        }
      ]
    },
    {
      "hts8": "30043100",
      "brief_description": "Medicaments containing insulin, in dosage form or packed for retail",
      "is_chapter_99": false,
      "quantity_1_code": "KG",
      "wto_binding_code": "B",
      "mfn_text_rate": "Free",
      "mfn_rate_type_code": "0",
      "col2_text_rate": "25%",
      "col2_rate_type_code": "7",
      "begin_effect_date": "1995-01-01",
      "end_effective_date": "2050-12-31",
      "mfn_ad_val_rate": 0,
      "is_special_provision": false,
      "mfn_specific_rate": 0,
      "mfn_other_rate": 0,
      "col2_ad_val_rate": 0.25,
      "col2_specific_rate": 0,
      "col2_other_rate": 0,
      "ntr_suspended_countries": [
        "RU",
        "BY"
      ],
      "has_special_trade_action": true,
      "trade_action_rate": 25,
      "trade_action_countries": [
        "CA",
        "MX"
      ],
      "trade_action_label": "Trade Action Tariff (25%)",
      "available_programs": [],
      "additive_duties": [
        {
          "type": "section_301",
          "name": "Section 301 - China Trade",
          "rate": 25,
          "countries": [
            "CN"
          ],
          "label": "Section 301 (25.0%)"
        }
      ]
    },
    {
      "hts8": "30043200",
      "brief_description": "Medicaments, containing adrenal cortical hormones, in dosage form or packed for retail",
      "is_chapter_99": false,
      "quantity_1_code": "KG",
      "wto_binding_code": "B",
      "mfn_text_rate": "Free",
      "mfn_rate_type_code": "0",
      "col2_text_rate": "25%",
      "col2_rate_type_code": "7",
      "begin_effect_date": "1995-01-01",
      "end_effective_date": "2050-12-31",
      "mfn_ad_val_rate": 0,
      "is_special_provision": false,
      "mfn_specific_rate": 0,
      "mfn_other_rate": 0,
      "col2_ad_val_rate": 0.25,
      "col2_specific_rate": 0,
      "col2_other_rate": 0,
      "ntr_suspended_countries": [
        "RU",
        "BY"
      ],
      "has_special_trade_action": true,
      "trade_action_rate": 25,
      "trade_action_countries": [
        "CA",
        "MX"
      ],
      "trade_action_label": "Trade Action Tariff (25%)",
      "available_programs": [],
      "additive_duties": [
        {
          "type": "section_301",
          "name": "Section 301 - China Trade",
          "rate": 25,
          "countries": [
            "CN"
          ],
          "label": "Section 301 (25.0%)"
        }
      ]
    },
    {
      "hts8": "30043900",
      "brief_description": "Medicaments, containing products of heading 2937 nesoi, in dosage form or packed for retail",
      "is_chapter_99": false,
      "quantity_1_code": "KG",
      "wto_binding_code": "B",
      "mfn_text_rate": "Free",
      "mfn_rate_type_code": "0",
      "col2_text_rate": "25%",
      "col2_rate_type_code": "7",
      "begin_effect_date": "1995-01-01",
      "end_effective_date": "2050-12-31",
      "mfn_ad_val_rate": 0,
      "is_special_provision": false,
      "mfn_specific_rate": 0,
      "mfn_other_rate": 0,
      "col2_ad_val_rate": 0.25,
      "col2_specific_rate": 0,
      "col2_other_rate": 0,
      "ntr_suspended_countries": [
        "RU",
        "BY"
      ],
      "has_special_trade_action": true,
      "trade_action_rate": 25,
      "trade_action_countries": [
        "CA",
        "MX"
      ],
      "trade_action_label": "Trade Action Tariff (25%)",
      "available_programs": [],
      "additive_duties": [
        {
          "type": "section_301",
          "name": "Section 301 - China Trade",
          "rate": 25,
          "countries": [
            "CN"
          ],
          "label": "Section 301 (25.0%)"
        }
      ]
    },
    {
      "hts8": "30044100",
      "brief_description": "Medicaments containing ephedrine or its salts, in dosage form and packed for retail",
      "is_chapter_99": false,
      "quantity_1_code": "KG",
      "wto_binding_code": "B",
      "mfn_text_rate": "Free",
      "mfn_rate_type_code": "0",
      "col2_text_rate": "25%",
      "col2_rate_type_code": "7",
      "begin_effect_date": "2017-01-01",
      "end_effective_date": "2050-12-31",
      "mfn_ad_val_rate": 0,
      "is_special_provision": false,
      "mfn_specific_rate": 0,
      "mfn_other_rate": 0,
      "col2_ad_val_rate": 0.25,
      "col2_specific_rate": 0,
      "col2_other_rate": 0,
      "ntr_suspended_countries": [
        "RU",
        "BY"
      ],
      "has_special_trade_action": true,
      "trade_action_rate": 25,
      "trade_action_countries": [
        "CA",
        "MX"
      ],
      "trade_action_label": "Trade Action Tariff (25%)",
      "available_programs": [],
      "additive_duties": [
        {
          "type": "section_301",
          "name": "Section 301 - China Trade",
          "rate": 25,
          "countries": [
            "CN"
          ],
          "label": "Section 301 (25.0%)"
        }
      ]
    },
    {
      "hts8": "30044200",
      "brief_description": "Medicaments containing pseudoephedrine (INN) or its salts, in dosage form and packed for retail",
      "is_chapter_99": false,
      "quantity_1_code": "KG",
      "wto_binding_code": "B",
      "mfn_text_rate": "Free",
      "mfn_rate_type_code": "0",
      "col2_text_rate": "25%",
      "col2_rate_type_code": "7",
      "begin_effect_date": "2017-01-01",
      "end_effective_date": "2050-12-31",
      "mfn_ad_val_rate": 0,
      "is_special_provision": false,
      "mfn_specific_rate": 0,
      "mfn_other_rate": 0,
      "col2_ad_val_rate": 0.25,
      "col2_specific_rate": 0,
      "col2_other_rate": 0,
      "ntr_suspended_countries": [
        "RU",
        "BY"
      ],
      "has_special_trade_action": true,
      "trade_action_rate": 25,
      "trade_action_countries": [
        "CA",
        "MX"
      ],
      "trade_action_label": "Trade Action Tariff (25%)",
      "available_programs": [],
      "additive_duties": [
        {
          "type": "section_301",
          "name": "Section 301 - China Trade",
          "rate": 25,
          "countries": [
            "CN"
          ],
          "label": "Section 301 (25.0%)"
        }
      ]
    },
    {
      "hts8": "30044300",
      "brief_description": "Medicaments containing norephedrine or its salts, in dosage form and packed for retail",
      "is_chapter_99": false,
      "quantity_1_code": "KG",
      "wto_binding_code": "B",
      "mfn_text_rate": "Free",
      "mfn_rate_type_code": "0",
      "col2_text_rate": "25%",
      "col2_rate_type_code": "7",
      "begin_effect_date": "2017-01-01",
      "end_effective_date": "2050-12-31",
      "mfn_ad_val_rate": 0,
      "is_special_provision": false,
      "mfn_specific_rate": 0,
      "mfn_other_rate": 0,
      "col2_ad_val_rate": 0.25,
      "col2_specific_rate": 0,
      "col2_other_rate": 0,
      "ntr_suspended_countries": [
        "RU",
        "BY"
      ],
      "has_special_trade_action": true,
      "trade_action_rate": 25,
      "trade_action_countries": [
        "CA",
        "MX"
      ],
      "trade_action_label": "Trade Action Tariff (25%)",
      "available_programs": [],
      "additive_duties": [
        {
          "type": "section_301",
          "name": "Section 301 - China Trade",
          "rate": 25,
          "countries": [
            "CN"
          ],
          "label": "Section 301 (25.0%)"
        }
      ]
    },
    {
      "hts8": "30044900",
      "brief_description": "Other medicaments containing alkaloids or derivatives thereof, nesoi, in dosage form and packed for retail",
      "is_chapter_99": false,
      "quantity_1_code": "KG",
      "wto_binding_code": "B",
      "mfn_text_rate": "Free",
      "mfn_rate_type_code": "0",
      "col2_text_rate": "25%",
      "col2_rate_type_code": "7",
      "begin_effect_date": "2017-01-01",
      "end_effective_date": "2050-12-31",
      "mfn_ad_val_rate": 0,
      "is_special_provision": false,
      "mfn_specific_rate": 0,
      "mfn_other_rate": 0,
      "col2_ad_val_rate": 0.25,
      "col2_specific_rate": 0,
      "col2_other_rate": 0,
      "ntr_suspended_countries": [
        "RU",
        "BY"
      ],
      "has_special_trade_action": true,
      "trade_action_rate": 25,
      "trade_action_countries": [
        "CA",
        "MX"
      ],
      "trade_action_label": "Trade Action Tariff (25%)",
      "available_programs": [],
      "additive_duties": [
        {
          "type": "section_301",
          "name": "Section 301 - China Trade",
          "rate": 25,
          "countries": [
            "CN"
          ],
          "label": "Section 301 (25.0%)"
        }
      ]
    },
    {
      "hts8": "30045010",
      "brief_description": "Medicaments containing vitamin B2 synthesized from aromatic or mod. aromatic compounds, in dosage form or packed for retail",
      "is_chapter_99": false,
      "quantity_1_code": "KG",
      "wto_binding_code": "B",
      "mfn_text_rate": "Free",
      "mfn_rate_type_code": "0",
      "col2_text_rate": "15.4 cents/kg + 62%",
      "col2_rate_type_code": "4",
      "begin_effect_date": "1995-01-01",
      "end_effective_date": "2050-12-31",
      "mfn_ad_val_rate": 0,
      "is_special_provision": false,
      "mfn_specific_rate": 0,
      "mfn_other_rate": 0,
      "col2_ad_val_rate": 0.62,
      "col2_specific_rate": 0.154,
      "col2_other_rate": 0,
      "ntr_suspended_countries": [
        "RU",
        "BY"
      ],
      "has_special_trade_action": true,
      "trade_action_rate": 62,
      "trade_action_countries": [],
      "trade_action_label": "Trade Action Tariff (62.0%)",
      "available_programs": [],
      "additive_duties": [
        {
          "type": "section_301",
          "name": "Section 301 - China Trade",
          "rate": 25,
          "countries": [
            "CN"
          ],
          "label": "Section 301 (25.0%)"
        }
      ]
    },
    {
      "hts8": "30045020",
      "brief_description": "Medicaments containing vitamin B12 synthesized from aromatic or mod. Aromatic compounds, in dosage form or packed for retail",
      "is_chapter_99": false,
      "quantity_1_code": "KG",
      "wto_binding_code": "B",
      "mfn_text_rate": "Free",
      "mfn_rate_type_code": "0",
      "col2_text_rate": "15.4 cents/kg + 145.5%",
      "col2_rate_type_code": "4",
      "begin_effect_date": "1995-01-01",
      "end_effective_date": "2050-12-31",
      "mfn_ad_val_rate": 0,
      "is_special_provision": false,
      "mfn_specific_rate": 0,
      "mfn_other_rate": 0,
      "col2_ad_val_rate": 1.455,
      "col2_specific_rate": 0.154,
      "col2_other_rate": 0,
      "ntr_suspended_countries": [
        "RU",
        "BY"
      ],
      "has_special_trade_action": true,
      "trade_action_rate": 145.5,
      "trade_action_countries": [],
      "trade_action_label": "Trade Action Tariff (145.5%)",
      "available_programs": [],
      "additive_duties": [
        {
          "type": "section_301",
          "name": "Section 301 - China Trade",
          "rate": 25,
          "countries": [
            "CN"
          ],
          "label": "Section 301 (25.0%)"
        }
      ]
    },
    {
      "hts8": "30045030",
      "brief_description": "Medicaments containing vitamin E synthesized from aromatic or mod. aromatic compounds, in dosage form or packed for retail",
      "is_chapter_99": false,
      "quantity_1_code": "KG",
      "wto_binding_code": "B",
      "mfn_text_rate": "Free",
      "mfn_rate_type_code": "0",
      "col2_text_rate": "15.4 cents/kg + 63.5%",
      "col2_rate_type_code": "4",
      "begin_effect_date": "1995-01-01",
      "end_effective_date": "2050-12-31",
      "mfn_ad_val_rate": 0,
      "is_special_provision": false,
      "mfn_specific_rate": 0,
      "mfn_other_rate": 0,
      "col2_ad_val_rate": 0.635,
      "col2_specific_rate": 0.154,
      "col2_other_rate": 0,
      "ntr_suspended_countries": [
        "RU",
        "BY"
      ],
      "has_special_trade_action": true,
      "trade_action_rate": 63.5,
      "trade_action_countries": [],
      "trade_action_label": "Trade Action Tariff (63.5%)",
      "available_programs": [],
      "additive_duties": [
        {
          "type": "section_301",
          "name": "Section 301 - China Trade",
          "rate": 25,
          "countries": [
            "CN"
          ],
          "label": "Section 301 (25.0%)"
        }
      ]
    },
    {
      "hts8": "30045040",
      "brief_description": "Medicaments containing vitamins nesoi, synthesized from aromatic or mod. aromatic compounds, in dosage form or packed for retail",
      "is_chapter_99": false,
      "quantity_1_code": "KG",
      "wto_binding_code": "B",
      "mfn_text_rate": "Free",
      "mfn_rate_type_code": "0",
      "col2_text_rate": "15.4 cents/kg + 49%",
      "col2_rate_type_code": "4",
      "begin_effect_date": "1995-01-01",
      "end_effective_date": "2050-12-31",
      "mfn_ad_val_rate": 0,
      "is_special_provision": false,
      "mfn_specific_rate": 0,
      "mfn_other_rate": 0,
      "col2_ad_val_rate": 0.49,
      "col2_specific_rate": 0.154,
      "col2_other_rate": 0,
      "ntr_suspended_countries": [
        "RU",
        "BY"
      ],
      "has_special_trade_action": true,
      "trade_action_rate": 49,
      "trade_action_countries": [],
      "trade_action_label": "Trade Action Tariff (49.0%)",
      "available_programs": [],
      "additive_duties": [
        {
          "type": "section_301",
          "name": "Section 301 - China Trade",
          "rate": 25,
          "countries": [
            "CN"
          ],
          "label": "Section 301 (25.0%)"
        }
      ]
    },
    {
      "hts8": "30045050",
      "brief_description": "Medicaments containing vitamins or other products of heading 2936, nesoi, in dosage form or packed for retail",
      "is_chapter_99": false,
      "quantity_1_code": "KG",
      "wto_binding_code": "B",
      "mfn_text_rate": "Free",
      "mfn_rate_type_code": "0",
      "col2_text_rate": "25%",
      "col2_rate_type_code": "7",
      "begin_effect_date": "1995-01-01",
      "end_effective_date": "2050-12-31",
      "mfn_ad_val_rate": 0,
      "is_special_provision": false,
      "mfn_specific_rate": 0,
      "mfn_other_rate": 0,
      "col2_ad_val_rate": 0.25,
      "col2_specific_rate": 0,
      "col2_other_rate": 0,
      "ntr_suspended_countries": [
        "RU",
        "BY"
      ],
      "has_special_trade_action": true,
      "trade_action_rate": 25,
      "trade_action_countries": [
        "CA",
        "MX"
      ],
      "trade_action_label": "Trade Action Tariff (25%)",
      "available_programs": [],
      "additive_duties": [
        {
          "type": "section_301",
          "name": "Section 301 - China Trade",
          "rate": 25,
          "countries": [
            "CN"
          ],
          "label": "Section 301 (25.0%)"
        }
      ]
    },
    {
      "hts8": "30046000",
      "brief_description": "Other medicaments containing antimalarial active principles described in subheading note 2 to this chapter, in dosage form and packed for retail",
      "is_chapter_99": false,
      "quantity_1_code": "KG",
      "wto_binding_code": "B",
      "mfn_text_rate": "Free",
      "mfn_rate_type_code": "0",
      "col2_text_rate": "30%",
      "col2_rate_type_code": "7",
      "begin_effect_date": "2017-01-01",
      "end_effective_date": "2050-12-31",
      "mfn_ad_val_rate": 0,
      "is_special_provision": false,
      "mfn_specific_rate": 0,
      "mfn_other_rate": 0,
      "col2_ad_val_rate": 0.3,
      "col2_specific_rate": 0,
      "col2_other_rate": 0,
      "ntr_suspended_countries": [
        "RU",
        "BY"
      ],
      "has_special_trade_action": true,
      "trade_action_rate": 30,
      "trade_action_countries": [],
      "trade_action_label": "Trade Action Tariff (30.0%)",
      "available_programs": [],
      "additive_duties": [
        {
          "type": "section_301",
          "name": "Section 301 - China Trade",
          "rate": 25,
          "countries": [
            "CN"
          ],
          "label": "Section 301 (25.0%)"
        }
      ]
    },
    {
      "hts8": "30049010",
      "brief_description": "Medicaments containing antigens or hyaluronic acid or its sodium salt, nesoi, in dosage form or packed for retail",
      "is_chapter_99": false,
      "quantity_1_code": "KG",
      "wto_binding_code": "B",
      "mfn_text_rate": "Free",
      "mfn_rate_type_code": "0",
      "col2_text_rate": "Free",
      "col2_rate_type_code": "0",
      "begin_effect_date": "1995-01-01",
      "end_effective_date": "2050-12-31",
      "mfn_ad_val_rate": 0,
      "is_special_provision": false,
      "mfn_specific_rate": 0,
      "mfn_other_rate": 0,
      "col2_ad_val_rate": 0,
      "col2_specific_rate": 0,
      "col2_other_rate": 0,
      "available_programs": [],
      "additive_duties": [
        {
          "type": "section_301",
          "name": "Section 301 - China Trade",
          "rate": 25,
          "countries": [
            "CN"
          ],
          "label": "Section 301 (25.0%)"
        }
      ]
    },
    {
      "hts8": "30049092",
      "brief_description": "Medicaments nesoi, in dosage form and packed for retail",
      "is_chapter_99": false,
      "quantity_1_code": "KG",
      "wto_binding_code": "B",
      "mfn_text_rate": "Free",
      "mfn_rate_type_code": "0",
      "col2_text_rate": "30%",
      "col2_rate_type_code": "7",
      "begin_effect_date": "2017-01-01",
      "end_effective_date": "2050-12-31",
      "mfn_ad_val_rate": 0,
      "is_special_provision": false,
      "mfn_specific_rate": 0,
      "mfn_other_rate": 0,
      "col2_ad_val_rate": 0.3,
      "col2_specific_rate": 0,
      "col2_other_rate": 0,
      "ntr_suspended_countries": [
        "RU",
        "BY"
      ],
      "has_special_trade_action": true,
      "trade_action_rate": 30,
      "trade_action_countries": [],
      "trade_action_label": "Trade Action Tariff (30.0%)",
      "available_programs": [],
      "additive_duties": [
        {
          "type": "section_301",
          "name": "Section 301 - China Trade",
          "rate": 25,
          "countries": [
            "CN"
          ],
          "label": "Section 301 (25.0%)"
        }
      ]
    },
    {
      "hts8": "30051010",
      "brief_description": "Adhesive dressings and other articles having an adhesive layer, coated or impregnated with pharmaceutical substances, packed for retail",
      "is_chapter_99": false,
      "quantity_1_code": "KG",
      "wto_binding_code": "B",
      "mfn_text_rate": "Free",
      "mfn_rate_type_code": "0",
      "col2_text_rate": "20%",
      "col2_rate_type_code": "7",
      "begin_effect_date": "1995-01-01",
      "end_effective_date": "2050-12-31",
      "mfn_ad_val_rate": 0,
      "is_special_provision": false,
      "mfn_specific_rate": 0,
      "mfn_other_rate": 0,
      "col2_ad_val_rate": 0.2,
      "col2_specific_rate": 0,
      "col2_other_rate": 0,
      "ntr_suspended_countries": [
        "RU",
        "BY"
      ],
      "has_special_trade_action": true,
      "trade_action_rate": 20,
      "trade_action_countries": [],
      "trade_action_label": "Trade Action Tariff (20.0%)",
      "available_programs": [],
      "additive_duties": [
        {
          "type": "section_301",
          "name": "Section 301 - China Trade",
          "rate": 25,
          "countries": [
            "CN"
          ],
          "label": "Section 301 (25.0%)"
        }
      ]
    },
    {
      "hts8": "30051050",
      "brief_description": "Adhesive dressings and other articles having an adhesive layer, packed for retail for medical, surgical, dental, veterinary purposes",
      "is_chapter_99": false,
      "quantity_1_code": "KG",
      "wto_binding_code": "B",
      "mfn_text_rate": "Free",
      "mfn_rate_type_code": "0",
      "col2_text_rate": "40%",
      "col2_rate_type_code": "7",
      "begin_effect_date": "1995-01-01",
      "end_effective_date": "2050-12-31",
      "mfn_ad_val_rate": 0,
      "is_special_provision": false,
      "mfn_specific_rate": 0,
      "mfn_other_rate": 0,
      "col2_ad_val_rate": 0.4,
      "col2_specific_rate": 0,
      "col2_other_rate": 0,
      "ntr_suspended_countries": [
        "RU",
        "BY"
      ],
      "has_special_trade_action": true,
      "trade_action_rate": 40,
      "trade_action_countries": [],
      "trade_action_label": "Trade Action Tariff (40.0%)",
      "available_programs": [],
      "additive_duties": [
        {
          "type": "section_301",
          "name": "Section 301 - China Trade",
          "rate": 25,
          "countries": [
            "CN"
          ],
          "label": "Section 301 (25.0%)"
        }
      ]
    },
    {
      "hts8": "30059010",
      "brief_description": "Wadding, gauze, bandages, & similar articles, not having an adhesive layer, coated, impregnated with pharmaceutical substances, for retail",
      "is_chapter_99": false,
      "quantity_1_code": "KG",
      "wto_binding_code": "B",
      "mfn_text_rate": "Free",
      "mfn_rate_type_code": "0",
      "col2_text_rate": "20%",
      "col2_rate_type_code": "7",
      "begin_effect_date": "1995-01-01",
      "end_effective_date": "2050-12-31",
      "mfn_ad_val_rate": 0,
      "is_special_provision": false,
      "mfn_specific_rate": 0,
      "mfn_other_rate": 0,
      "col2_ad_val_rate": 0.2,
      "col2_specific_rate": 0,
      "col2_other_rate": 0,
      "ntr_suspended_countries": [
        "RU",
        "BY"
      ],
      "has_special_trade_action": true,
      "trade_action_rate": 20,
      "trade_action_countries": [],
      "trade_action_label": "Trade Action Tariff (20.0%)",
      "available_programs": [],
      "additive_duties": [
        {
          "type": "section_301",
          "name": "Section 301 - China Trade",
          "rate": 25,
          "countries": [
            "CN"
          ],
          "label": "Section 301 (25.0%)"
        }
      ]
    },
    {
      "hts8": "30059050",
      "brief_description": "Wadding, gauze, bandages, and similar articles, not having an adhesive layer, packed for retail for medical, surgical, like purposes",
      "is_chapter_99": false,
      "quantity_1_code": "KG",
      "wto_binding_code": "B",
      "mfn_text_rate": "Free",
      "mfn_rate_type_code": "0",
      "col2_text_rate": "40%",
      "col2_rate_type_code": "7",
      "begin_effect_date": "1995-01-01",
      "end_effective_date": "2050-12-31",
      "mfn_ad_val_rate": 0,
      "is_special_provision": false,
      "mfn_specific_rate": 0,
      "mfn_other_rate": 0,
      "col2_ad_val_rate": 0.4,
      "col2_specific_rate": 0,
      "col2_other_rate": 0,
      "ntr_suspended_countries": [
        "RU",
        "BY"
      ],
      "has_special_trade_action": true,
      "trade_action_rate": 40,
      "trade_action_countries": [],
      "trade_action_label": "Trade Action Tariff (40.0%)",
      "available_programs": [],
      "additive_duties": [
        {
          "type": "section_301",
          "name": "Section 301 - China Trade",
          "rate": 25,
          "countries": [
            "CN"
          ],
          "label": "Section 301 (25.0%)"
        }
      ]
    },
    {
      "hts8": "30061001",
      "brief_description": "Sterile surgical catgut, suture materials, tissue adhesives for wound closure, laminaria, laminaria tents, and absorbable hemostatics",
      "is_chapter_99": false,
      "quantity_1_code": "KG",
      "wto_binding_code": "B",
      "mfn_text_rate": "Free",
      "mfn_rate_type_code": "0",
      "col2_text_rate": "40%",
      "col2_rate_type_code": "7",
      "begin_effect_date": "2007-01-01",
      "end_effective_date": "2050-12-31",
      "mfn_ad_val_rate": 0,
      "is_special_provision": false,
      "mfn_specific_rate": 0,
      "mfn_other_rate": 0,
      "col2_ad_val_rate": 0.4,
      "col2_specific_rate": 0,
      "col2_other_rate": 0,
      "ntr_suspended_countries": [
        "RU",
        "BY"
      ],
      "has_special_trade_action": true,
      "trade_action_rate": 40,
      "trade_action_countries": [],
      "trade_action_label": "Trade Action Tariff (40.0%)",
      "available_programs": [],
      "additive_duties": [
        {
          "type": "section_301",
          "name": "Section 301 - China Trade",
          "rate": 25,
          "countries": [
            "CN"
          ],
          "label": "Section 301 (25.0%)"
        }
      ]
    },
    {
      "hts8": "30063010",
      "brief_description": "Opacifying preparation for X-ray examination; diagnostic reagent designed to be administered to the patient; all cont. antigens or antisera",
      "is_chapter_99": false,
      "quantity_1_code": "KG",
      "wto_binding_code": "B",
      "mfn_text_rate": "Free",
      "mfn_rate_type_code": "0",
      "col2_text_rate": "Free",
      "col2_rate_type_code": "0",
      "begin_effect_date": "1995-01-01",
      "end_effective_date": "2050-12-31",
      "mfn_ad_val_rate": 0,
      "is_special_provision": false,
      "mfn_specific_rate": 0,
      "mfn_other_rate": 0,
      "col2_ad_val_rate": 0,
      "col2_specific_rate": 0,
      "col2_other_rate": 0,
      "available_programs": [],
      "additive_duties": [
        {
          "type": "section_301",
          "name": "Section 301 - China Trade",
          "rate": 25,
          "countries": [
            "CN"
          ],
          "label": "Section 301 (25.0%)"
        }
      ]
    },
    {
      "hts8": "30063050",
      "brief_description": "Opacifying preparations for X-ray examinations; diagnostic reagents designed to be administered to the patient, nesoi",
      "is_chapter_99": false,
      "quantity_1_code": "KG",
      "wto_binding_code": "B",
      "mfn_text_rate": "Free",
      "mfn_rate_type_code": "0",
      "col2_text_rate": "45%",
      "col2_rate_type_code": "7",
      "begin_effect_date": "1995-01-01",
      "end_effective_date": "2050-12-31",
      "mfn_ad_val_rate": 0,
      "is_special_provision": false,
      "mfn_specific_rate": 0,
      "mfn_other_rate": 0,
      "col2_ad_val_rate": 0.45,
      "col2_specific_rate": 0,
      "col2_other_rate": 0,
      "ntr_suspended_countries": [
        "RU",
        "BY"
      ],
      "has_special_trade_action": true,
      "trade_action_rate": 45,
      "trade_action_countries": [],
      "trade_action_label": "Trade Action Tariff (45.0%)",
      "available_programs": [],
      "additive_duties": [
        {
          "type": "section_301",
          "name": "Section 301 - China Trade",
          "rate": 25,
          "countries": [
            "CN"
          ],
          "label": "Section 301 (25.0%)"
        }
      ]
    },
    {
      "hts8": "30064000",
      "brief_description": "Dental cements and other dental fillings; bone reconstruction cements",
      "is_chapter_99": false,
      "quantity_1_code": "KG",
      "wto_binding_code": "B",
      "mfn_text_rate": "Free",
      "mfn_rate_type_code": "0",
      "col2_text_rate": "20%",
      "col2_rate_type_code": "7",
      "begin_effect_date": "1995-01-01",
      "end_effective_date": "2050-12-31",
      "mfn_ad_val_rate": 0,
      "is_special_provision": false,
      "mfn_specific_rate": 0,
      "mfn_other_rate": 0,
      "col2_ad_val_rate": 0.2,
      "col2_specific_rate": 0,
      "col2_other_rate": 0,
      "ntr_suspended_countries": [
        "RU",
        "BY"
      ],
      "has_special_trade_action": true,
      "trade_action_rate": 20,
      "trade_action_countries": [],
      "trade_action_label": "Trade Action Tariff (20.0%)",
      "available_programs": [],
      "additive_duties": [
        {
          "type": "section_301",
          "name": "Section 301 - China Trade",
          "rate": 25,
          "countries": [
            "CN"
          ],
          "label": "Section 301 (25.0%)"
        }
      ]
    },
    {
      "hts8": "30065000",
      "brief_description": "First-aid boxes and kits",
      "is_chapter_99": false,
      "quantity_1_code": "KG",
      "wto_binding_code": "B",
      "mfn_text_rate": "Free",
      "mfn_rate_type_code": "0",
      "col2_text_rate": "45%",
      "col2_rate_type_code": "7",
      "begin_effect_date": "1995-01-01",
      "end_effective_date": "2050-12-31",
      "mfn_ad_val_rate": 0,
      "is_special_provision": false,
      "mfn_specific_rate": 0,
      "mfn_other_rate": 0,
      "col2_ad_val_rate": 0.45,
      "col2_specific_rate": 0,
      "col2_other_rate": 0,
      "ntr_suspended_countries": [
        "RU",
        "BY"
      ],
      "has_special_trade_action": true,
      "trade_action_rate": 45,
      "trade_action_countries": [],
      "trade_action_label": "Trade Action Tariff (45.0%)",
      "available_programs": [],
      "additive_duties": [
        {
          "type": "section_301",
          "name": "Section 301 - China Trade",
          "rate": 25,
          "countries": [
            "CN"
          ],
          "label": "Section 301 (25.0%)"
        }
      ]
    },
    {
      "hts8": "30066000",
      "brief_description": "Chemical contraceptive preparations based on hormones or spermicides",
      "is_chapter_99": false,
      "quantity_1_code": "KG",
      "wto_binding_code": "B",
      "mfn_text_rate": "Free",
      "mfn_rate_type_code": "0",
      "col2_text_rate": "25%",
      "col2_rate_type_code": "7",
      "begin_effect_date": "1995-01-01",
      "end_effective_date": "2050-12-31",
      "mfn_ad_val_rate": 0,
      "is_special_provision": false,
      "mfn_specific_rate": 0,
      "mfn_other_rate": 0,
      "col2_ad_val_rate": 0.25,
      "col2_specific_rate": 0,
      "col2_other_rate": 0,
      "ntr_suspended_countries": [
        "RU",
        "BY"
      ],
      "has_special_trade_action": true,
      "trade_action_rate": 25,
      "trade_action_countries": [
        "CA",
        "MX"
      ],
      "trade_action_label": "Trade Action Tariff (25%)",
      "available_programs": [],
      "additive_duties": [
        {
          "type": "section_301",
          "name": "Section 301 - China Trade",
          "rate": 25,
          "countries": [
            "CN"
          ],
          "label": "Section 301 (25.0%)"
        }
      ]
    },
    {
      "hts8": "30067000",
      "brief_description": "Gel preparation use human/veterinary medicine lubricant in surgical operation, physical exam or coupling agent tween body & med instrument",
      "is_chapter_99": false,
      "quantity_1_code": "KG",
      "wto_binding_code": "B",
      "mfn_text_rate": "5%",
      "mfn_rate_type_code": "7",
      "pharmaceutical_ind": "K",
      "col2_text_rate": "25%",
      "col2_rate_type_code": "7",
      "begin_effect_date": "2020-07-01",
      "end_effective_date": "2050-12-31",
      "mfn_ad_val_rate": 0.05,
      "is_special_provision": false,
      "mfn_specific_rate": 0,
      "mfn_other_rate": 0,
      "col2_ad_val_rate": 0.25,
      "col2_specific_rate": 0,
      "col2_other_rate": 0,
      "ntr_suspended_countries": [
        "RU",
        "BY"
      ],
      "has_special_trade_action": true,
      "trade_action_rate": 25,
      "trade_action_countries": [
        "CA",
        "MX"
      ],
      "trade_action_label": "Trade Action Tariff (25%)",
      "available_programs": [
        {
          "program_key": "cbi",
          "program_name": "Caribbean Basin",
          "rate": 0
        },
        {
          "program_key": "jordan",
          "program_name": "Jordan FTA",
          "rate": 0
        },
        {
          "program_key": "singapore",
          "program_name": "Singapore FTA",
          "rate": 0
        },
        {
          "program_key": "chile",
          "program_name": "Chile FTA",
          "rate": 0
        },
        {
          "program_key": "morocco",
          "program_name": "Morocco FTA",
          "rate": 0
        },
        {
          "program_key": "australia",
          "program_name": "Australia FTA",
          "rate": 0
        },
        {
          "program_key": "bahrain",
          "program_name": "Bahrain FTA",
          "rate": 0
        },
        {
          "program_key": "dr_cafta",
          "program_name": "CAFTA-DR",
          "rate": 0
        },
        {
          "program_key": "oman",
          "program_name": "Oman FTA",
          "rate": 0
        },
        {
          "program_key": "peru",
          "program_name": "Peru TPA",
          "rate": 0
        },
        {
          "program_key": "korea",
          "program_name": "Korea FTA",
          "rate": 0
        },
        {
          "program_key": "colombia",
          "program_name": "Colombia TPA",
          "rate": 0
        },
        {
          "program_key": "panama",
          "program_name": "Panama TPA",
          "rate": 0
        },
        {
          "program_key": "usmca",
          "program_name": "USMCA",
          "rate": 0
        }
      ],
      "gsp_indicator": "A+",
      "mexico_rate_type_code": "0",
      "mexico_specific_rate": "0.0",
      "cbi_indicator": "E",
      "cbi_ad_val_rate": 0,
      "cbi_specific_rate": "0.0",
      "agoa_indicator": "D",
      "israel_fta_indicator": "IL",
      "jordan_indicator": "JO",
      "jordan_ad_val_rate": 0,
      "jordan_rate_type_code": "0.0",
      "jordan_specific_rate": "0.0",
      "jordan_other_rate": "0.0",
      "singapore_indicator": "SG",
      "singapore_ad_val_rate": 0,
      "singapore_rate_type_code": "0.0",
      "singapore_specific_rate": "0.0",
      "singapore_other_rate": "0.0",
      "chile_indicator": "CL",
      "chile_ad_val_rate": 0,
      "chile_rate_type_code": "0.0",
      "chile_specific_rate": "0.0",
      "chile_other_rate": "0.0",
      "morocco_indicator": "MA",
      "morocco_ad_val_rate": 0,
      "morocco_rate_type_code": "0.0",
      "morocco_specific_rate": "0.0",
      "morocco_other_rate": "0.0",
      "australia_indicator": "AU",
      "australia_ad_val_rate": 0,
      "australia_rate_type_code": "0.0",
      "australia_specific_rate": "0.0",
      "australia_other_rate": "0.0",
      "bahrain_indicator": "BH",
      "bahrain_ad_val_rate": 0,
      "bahrain_rate_type_code": "0",
      "bahrain_specific_rate": "0.0",
      "bahrain_other_rate": "0.0",
      "dr_cafta_indicator": "P",
      "dr_cafta_ad_val_rate": 0,
      "dr_cafta_rate_type_code": "0",
      "dr_cafta_specific_rate": "0.0",
      "dr_cafta_other_rate": "0.0",
      "oman_indicator": "OM",
      "oman_ad_val_rate": 0,
      "oman_rate_type_code": "0.0",
      "oman_specific_rate": "0.0",
      "oman_other_rate": "0.0",
      "peru_indicator": "PE",
      "peru_ad_val_rate": 0,
      "peru_rate_type_code": "0.0",
      "peru_specific_rate": "0.0",
      "peru_other_rate": "0.0",
      "korea_indicator": "KR",
      "korea_ad_val_rate": 0,
      "korea_rate_type_code": "0.0",
      "korea_specific_rate": "0.0",
      "korea_other_rate": "0.0",
      "colombia_indicator": "CO",
      "colombia_ad_val_rate": 0,
      "colombia_rate_type_code": "0.0",
      "colombia_specific_rate": "0.0",
      "colombia_other_rate": "0.0",
      "panama_indicator": "PA",
      "panama_ad_val_rate": 0,
      "panama_rate_type_code": "0",
      "panama_specific_rate": "0.0",
      "panama_other_rate": "0.0",
      "usmca_indicator": "S",
      "usmca_ad_val_rate": 0,
      "usmca_rate_type_code": "0.0",
      "usmca_specific_rate": "0.0",
      "usmca_other_rate": "0.0",
      "additive_duties": [
        {
          "type": "section_301",
          "name": "Section 301 - China Trade",
          "rate": 25,
          "countries": [
            "CN"
          ],
          "label": "Section 301 (25.0%)"
        }
      ]
    },
    {
      "hts8": "30069100",
      "brief_description": "Appliances identifiable for ostomy use",
      "is_chapter_99": false,
      "quantity_1_code": "KG",
      "wto_binding_code": "B",
      "mfn_text_rate": "4.2%",
      "mfn_rate_type_code": "7",
      "col2_text_rate": "45%",
      "col2_rate_type_code": "7",
      "begin_effect_date": "2020-07-01",
      "end_effective_date": "2050-12-31",
      "mfn_ad_val_rate": 0.042,
      "is_special_provision": false,
      "mfn_specific_rate": 0,
      "mfn_other_rate": 0,
      "col2_ad_val_rate": 0.45,
      "col2_specific_rate": 0,
      "col2_other_rate": 0,
      "ntr_suspended_countries": [
        "RU",
        "BY"
      ],
      "has_special_trade_action": true,
      "trade_action_rate": 45,
      "trade_action_countries": [],
      "trade_action_label": "Trade Action Tariff (45.0%)",
      "available_programs": [
        {
          "program_key": "cbi",
          "program_name": "Caribbean Basin",
          "rate": 0
        },
        {
          "program_key": "jordan",
          "program_name": "Jordan FTA",
          "rate": 0
        },
        {
          "program_key": "singapore",
          "program_name": "Singapore FTA",
          "rate": 0
        },
        {
          "program_key": "chile",
          "program_name": "Chile FTA",
          "rate": 0
        },
        {
          "program_key": "morocco",
          "program_name": "Morocco FTA",
          "rate": 0
        },
        {
          "program_key": "australia",
          "program_name": "Australia FTA",
          "rate": 0
        },
        {
          "program_key": "bahrain",
          "program_name": "Bahrain FTA",
          "rate": 0
        },
        {
          "program_key": "dr_cafta",
          "program_name": "CAFTA-DR",
          "rate": 0
        },
        {
          "program_key": "oman",
          "program_name": "Oman FTA",
          "rate": 0
        },
        {
          "program_key": "peru",
          "program_name": "Peru TPA",
          "rate": 0
        },
        {
          "program_key": "korea",
          "program_name": "Korea FTA",
          "rate": 0
        },
        {
          "program_key": "colombia",
          "program_name": "Colombia TPA",
          "rate": 0
        },
        {
          "program_key": "panama",
          "program_name": "Panama TPA",
          "rate": 0
        },
        {
          "program_key": "usmca",
          "program_name": "USMCA",
          "rate": 0
        }
      ],
      "gsp_indicator": "A",
      "mexico_rate_type_code": "0",
      "mexico_specific_rate": "0.0",
      "cbi_indicator": "E",
      "cbi_ad_val_rate": 0,
      "cbi_specific_rate": "0.0",
      "agoa_indicator": "D",
      "israel_fta_indicator": "IL",
      "jordan_indicator": "JO",
      "jordan_ad_val_rate": 0,
      "jordan_rate_type_code": "0.0",
      "jordan_specific_rate": "0.0",
      "jordan_other_rate": "0.0",
      "singapore_indicator": "SG",
      "singapore_ad_val_rate": 0,
      "singapore_rate_type_code": "0.0",
      "singapore_specific_rate": "0.0",
      "singapore_other_rate": "0.0",
      "chile_indicator": "CL",
      "chile_ad_val_rate": 0,
      "chile_rate_type_code": "0.0",
      "chile_specific_rate": "0.0",
      "chile_other_rate": "0.0",
      "morocco_indicator": "MA",
      "morocco_ad_val_rate": 0,
      "morocco_rate_type_code": "0.0",
      "morocco_specific_rate": "0.0",
      "morocco_other_rate": "0.0",
      "australia_indicator": "AU",
      "australia_ad_val_rate": 0,
      "australia_rate_type_code": "0.0",
      "australia_specific_rate": "0.0",
      "australia_other_rate": "0.0",
      "bahrain_indicator": "BH",
      "bahrain_ad_val_rate": 0,
      "bahrain_rate_type_code": "0",
      "bahrain_specific_rate": "0.0",
      "bahrain_other_rate": "0.0",
      "dr_cafta_indicator": "P",
      "dr_cafta_ad_val_rate": 0,
      "dr_cafta_rate_type_code": "0",
      "dr_cafta_specific_rate": "0.0",
      "dr_cafta_other_rate": "0.0",
      "oman_indicator": "OM",
      "oman_ad_val_rate": 0,
      "oman_rate_type_code": "0.0",
      "oman_specific_rate": "0.0",
      "oman_other_rate": "0.0",
      "peru_indicator": "PE",
      "peru_ad_val_rate": 0,
      "peru_rate_type_code": "0.0",
      "peru_specific_rate": "0.0",
      "peru_other_rate": "0.0",
      "korea_indicator": "KR",
      "korea_ad_val_rate": 0,
      "korea_rate_type_code": "0.0",
      "korea_specific_rate": "0.0",
      "korea_other_rate": "0.0",
      "colombia_indicator": "CO",
      "colombia_ad_val_rate": 0,
      "colombia_rate_type_code": "0.0",
      "colombia_specific_rate": "0.0",
      "colombia_other_rate": "0.0",
      "panama_indicator": "PA",
      "panama_ad_val_rate": 0,
      "panama_rate_type_code": "0",
      "panama_specific_rate": "0.0",
      "panama_other_rate": "0.0",
      "usmca_indicator": "S",
      "usmca_ad_val_rate": 0,
      "usmca_rate_type_code": "0.0",
      "usmca_specific_rate": "0.0",
      "usmca_other_rate": "0.0",
      "additive_duties": [
        {
          "type": "section_301",
          "name": "Section 301 - China Trade",
          "rate": 25,
          "countries": [
            "CN"
          ],
          "label": "Section 301 (25.0%)"
        }
      ]
    },
    {
      "hts8": "30069200",
      "brief_description": "Waste pharmaceuticals",
      "is_chapter_99": false,
      "quantity_1_code": "KG",
      "wto_binding_code": "B",
      "mfn_text_rate": "Free",
      "mfn_rate_type_code": "0",
      "col2_text_rate": "45%",
      "col2_rate_type_code": "7",
      "begin_effect_date": "2007-01-01",
      "end_effective_date": "2050-12-31",
      "mfn_ad_val_rate": 0,
      "is_special_provision": false,
      "mfn_specific_rate": 0,
      "mfn_other_rate": 0,
      "col2_ad_val_rate": 0.45,
      "col2_specific_rate": 0,
      "col2_other_rate": 0,
      "ntr_suspended_countries": [
        "RU",
        "BY"
      ],
      "has_special_trade_action": true,
      "trade_action_rate": 45,
      "trade_action_countries": [],
      "trade_action_label": "Trade Action Tariff (45.0%)",
      "available_programs": [],
      "additive_duties": [
        {
          "type": "section_301",
          "name": "Section 301 - China Trade",
          "rate": 25,
          "countries": [
            "CN"
          ],
          "label": "Section 301 (25.0%)"
        }
      ]
    },
    {
      "hts8": "30069310",
      "brief_description": "Placebos and blinded clinical trial kits, put up in measured doses, packaged with medicinal preparations",
      "is_chapter_99": false,
      "quantity_1_code": "KG",
      "wto_binding_code": "B",
      "mfn_text_rate": "Free",
      "mfn_rate_type_code": "0",
      "col2_text_rate": "30%",
      "col2_rate_type_code": "7",
      "begin_effect_date": "2022-01-27",
      "end_effective_date": "2050-12-31",
      "mfn_ad_val_rate": 0,
      "is_special_provision": false,
      "mfn_specific_rate": 0,
      "mfn_other_rate": 0,
      "col2_ad_val_rate": 0.3,
      "col2_specific_rate": 0,
      "col2_other_rate": 0,
      "ntr_suspended_countries": [
        "RU",
        "BY"
      ],
      "has_special_trade_action": true,
      "trade_action_rate": 30,
      "trade_action_countries": [],
      "trade_action_label": "Trade Action Tariff (30.0%)",
      "available_programs": [],
      "additive_duties": [
        {
          "type": "section_301",
          "name": "Section 301 - China Trade",
          "rate": 25,
          "countries": [
            "CN"
          ],
          "label": "Section 301 (25.0%)"
        }
      ]
    },
    {
      "hts8": "30069320",
      "brief_description": "Placebos and blinded clinical trial kits, put up in measured doses, containing over 10% by dry weight of sugar",
      "is_chapter_99": false,
      "quantity_1_code": "KG",
      "wto_binding_code": "B",
      "mfn_text_rate": "40 cents/kg + 10.4%",
      "mfn_rate_type_code": "4",
      "col2_text_rate": "47.4 cents/kg + 12.2%",
      "col2_rate_type_code": "4",
      "begin_effect_date": "2023-01-01",
      "end_effective_date": "2050-12-31",
      "footnote_comment": "<desc>  See subheadings 9904.17.49-9904.17.65.",
      "mfn_ad_val_rate": 0.104,
      "is_special_provision": false,
      "mfn_specific_rate": 0.4,
      "mfn_other_rate": 0,
      "col2_ad_val_rate": 0.122,
      "col2_specific_rate": 0.474,
      "col2_other_rate": 0,
      "ntr_suspended_countries": [
        "RU",
        "BY"
      ],
      "has_special_trade_action": true,
      "trade_action_rate": 12.2,
      "trade_action_countries": [],
      "trade_action_label": "Trade Action Tariff (12.2%)",
      "available_programs": [
        {
          "program_key": "jordan",
          "program_name": "Jordan FTA",
          "rate": 0
        },
        {
          "program_key": "singapore",
          "program_name": "Singapore FTA",
          "rate": 0
        },
        {
          "program_key": "chile",
          "program_name": "Chile FTA",
          "rate": 0
        },
        {
          "program_key": "bahrain",
          "program_name": "Bahrain FTA",
          "rate": 0
        },
        {
          "program_key": "oman",
          "program_name": "Oman FTA",
          "rate": 0
        },
        {
          "program_key": "korea",
          "program_name": "Korea FTA",
          "rate": 0
        }
      ],
      "mexico_rate_type_code": "0",
      "mexico_specific_rate": "0.0",
      "jordan_indicator": "JO",
      "jordan_ad_val_rate": 0,
      "jordan_rate_type_code": "0.0",
      "jordan_specific_rate": "0.0",
      "jordan_other_rate": "0.0",
      "singapore_indicator": "SG",
      "singapore_ad_val_rate": 0,
      "singapore_rate_type_code": "0.0",
      "singapore_specific_rate": "0.0",
      "singapore_other_rate": "0.0",
      "chile_indicator": "CL",
      "chile_ad_val_rate": 0,
      "chile_rate_type_code": "0.0",
      "chile_specific_rate": "0.0",
      "chile_other_rate": "0.0",
      "morocco_indicator": "MA",
      "morocco_rate_type_code": "9.0",
      "morocco_specific_rate": "9999.99",
      "morocco_other_rate": "9999.99",
      "bahrain_indicator": "BH",
      "bahrain_ad_val_rate": 0,
      "bahrain_rate_type_code": "0",
      "bahrain_specific_rate": "0.0",
      "bahrain_other_rate": "0.0",
      "oman_indicator": "OM",
      "oman_ad_val_rate": 0,
      "oman_rate_type_code": "0.0",
      "oman_specific_rate": "0.0",
      "oman_other_rate": "0.0",
      "peru_indicator": "PE",
      "peru_rate_type_code": "9.0",
      "peru_specific_rate": "9999.99",
      "peru_other_rate": "9999.99",
      "korea_indicator": "KR",
      "korea_ad_val_rate": 0,
      "korea_rate_type_code": "0.0",
      "korea_specific_rate": "0.0",
      "korea_other_rate": "0.0",
      "colombia_indicator": "CO",
      "colombia_rate_type_code": "9.0",
      "colombia_specific_rate": "9999.99",
      "colombia_other_rate": "9999.99",
      "panama_indicator": "PA",
      "panama_rate_type_code": "9",
      "panama_specific_rate": "9999.99",
      "panama_other_rate": "9999.99",
      "additive_duties": [
        {
          "type": "section_301",
          "name": "Section 301 - China Trade",
          "rate": 25,
          "countries": [
            "CN"
          ],
          "label": "Section 301 (25.0%)"
        }
      ]
    },
    {
      "hts8": "30069350",
      "brief_description": "Placebos and blinded clinical trial kits, put up in measured doses, containing ingredients having nutritional value",
      "is_chapter_99": false,
      "quantity_1_code": "KG",
      "wto_binding_code": "B",
      "mfn_text_rate": "6.4%",
      "mfn_rate_type_code": "7",
      "col2_text_rate": "20%",
      "col2_rate_type_code": "7",
      "begin_effect_date": "2022-01-27",
      "end_effective_date": "2050-12-31",
      "mfn_ad_val_rate": 0.064,
      "is_special_provision": false,
      "mfn_specific_rate": 0,
      "mfn_other_rate": 0,
      "col2_ad_val_rate": 0.2,
      "col2_specific_rate": 0,
      "col2_other_rate": 0,
      "ntr_suspended_countries": [
        "RU",
        "BY"
      ],
      "has_special_trade_action": true,
      "trade_action_rate": 20,
      "trade_action_countries": [],
      "trade_action_label": "Trade Action Tariff (20.0%)",
      "available_programs": [
        {
          "program_key": "jordan",
          "program_name": "Jordan FTA",
          "rate": 0
        },
        {
          "program_key": "australia",
          "program_name": "Australia FTA",
          "rate": 0
        },
        {
          "program_key": "usmca",
          "program_name": "USMCA",
          "rate": 0
        }
      ],
      "gsp_indicator": "A",
      "mexico_rate_type_code": "0",
      "cbi_indicator": "E",
      "agoa_indicator": "D",
      "israel_fta_indicator": "IL",
      "jordan_indicator": "JO",
      "jordan_ad_val_rate": 0,
      "jordan_rate_type_code": "0.0",
      "jordan_specific_rate": "0.0",
      "jordan_other_rate": "0.0",
      "singapore_indicator": "SG",
      "chile_indicator": "CL",
      "morocco_indicator": "MA",
      "morocco_rate_type_code": "0.0",
      "australia_indicator": "AU",
      "australia_ad_val_rate": 0,
      "australia_rate_type_code": "0.0",
      "australia_specific_rate": "0.0",
      "australia_other_rate": "0.0",
      "bahrain_indicator": "BH",
      "dr_cafta_indicator": "P",
      "oman_indicator": "OM",
      "peru_indicator": "PE",
      "korea_indicator": "KR",
      "korea_rate_type_code": "0.0",
      "colombia_indicator": "CO",
      "colombia_rate_type_code": "0.0",
      "panama_indicator": "PA",
      "panama_rate_type_code": "0",
      "usmca_indicator": "S",
      "usmca_ad_val_rate": 0,
      "usmca_rate_type_code": "0.0",
      "usmca_specific_rate": "0.0",
      "usmca_other_rate": "0.0",
      "additive_duties": [
        {
          "type": "section_301",
          "name": "Section 301 - China Trade",
          "rate": 25,
          "countries": [
            "CN"
          ],
          "label": "Section 301 (25.0%)"
        }
      ]
    },
    {
      "hts8": "30069360",
      "brief_description": "Placebos and blinded clinical trial kits, put up in measured doses, in liquid form for oral intake",
      "is_chapter_99": false,
      "quantity_1_code": "L",
      "wto_binding_code": "B",
      "mfn_text_rate": "0.2 cents/liter",
      "mfn_rate_type_code": "1",
      "col2_text_rate": "4 cents/liter",
      "col2_rate_type_code": "1",
      "begin_effect_date": "2022-01-27",
      "end_effective_date": "2050-12-31",
      "mfn_ad_val_rate": 0,
      "is_special_provision": false,
      "mfn_specific_rate": 0.002,
      "mfn_other_rate": 0,
      "col2_ad_val_rate": 0,
      "col2_specific_rate": 0.04,
      "col2_other_rate": 0,
      "available_programs": [
        {
          "program_key": "jordan",
          "program_name": "Jordan FTA",
          "rate": 0
        },
        {
          "program_key": "usmca",
          "program_name": "USMCA",
          "rate": 0
        }
      ],
      "gsp_indicator": "A",
      "mexico_rate_type_code": "0",
      "cbi_indicator": "E",
      "agoa_indicator": "D",
      "israel_fta_indicator": "IL",
      "jordan_indicator": "JO",
      "jordan_ad_val_rate": 0,
      "jordan_rate_type_code": "0.0",
      "jordan_specific_rate": "0.0",
      "jordan_other_rate": "0.0",
      "singapore_indicator": "SG",
      "singapore_rate_type_code": "0.0",
      "chile_indicator": "CL",
      "chile_rate_type_code": "0.0",
      "morocco_indicator": "MA",
      "morocco_rate_type_code": "0.0",
      "australia_indicator": "AU",
      "bahrain_indicator": "BH",
      "dr_cafta_indicator": "P",
      "oman_indicator": "OM",
      "peru_indicator": "PE",
      "korea_indicator": "KR",
      "korea_rate_type_code": "0.0",
      "colombia_indicator": "CO",
      "colombia_rate_type_code": "0.0",
      "panama_indicator": "PA",
      "panama_rate_type_code": "0",
      "usmca_indicator": "S",
      "usmca_ad_val_rate": 0,
      "usmca_rate_type_code": "0.0",
      "usmca_specific_rate": "0.0",
      "usmca_other_rate": "0.0",
      "additive_duties": [
        {
          "type": "section_301",
          "name": "Section 301 - China Trade",
          "rate": 25,
          "countries": [
            "CN"
          ],
          "label": "Section 301 (25.0%)"
        }
      ]
    },
    {
      "hts8": "30069380",
      "brief_description": "Placebos and blinded clinical trial kits, put up in measured doses, containing other chemicals other than medicaments",
      "is_chapter_99": false,
      "quantity_1_code": "KG",
      "wto_binding_code": "B",
      "mfn_text_rate": "5%",
      "mfn_rate_type_code": "7",
      "pharmaceutical_ind": "K",
      "col2_text_rate": "25%",
      "col2_rate_type_code": "7",
      "begin_effect_date": "2022-01-27",
      "end_effective_date": "2050-12-31",
      "mfn_ad_val_rate": 0.05,
      "is_special_provision": false,
      "mfn_specific_rate": 0,
      "mfn_other_rate": 0,
      "col2_ad_val_rate": 0.25,
      "col2_specific_rate": 0,
      "col2_other_rate": 0,
      "ntr_suspended_countries": [
        "RU",
        "BY"
      ],
      "has_special_trade_action": true,
      "trade_action_rate": 25,
      "trade_action_countries": [
        "CA",
        "MX"
      ],
      "trade_action_label": "Trade Action Tariff (25%)",
      "available_programs": [
        {
          "program_key": "jordan",
          "program_name": "Jordan FTA",
          "rate": 0
        },
        {
          "program_key": "korea",
          "program_name": "Korea FTA",
          "rate": 0
        },
        {
          "program_key": "usmca",
          "program_name": "USMCA",
          "rate": 0
        }
      ],
      "gsp_indicator": "A+",
      "mexico_rate_type_code": "0",
      "cbi_indicator": "E",
      "agoa_indicator": "D",
      "israel_fta_indicator": "IL",
      "jordan_indicator": "JO",
      "jordan_ad_val_rate": 0,
      "jordan_rate_type_code": "0.0",
      "jordan_specific_rate": "0.0",
      "jordan_other_rate": "0.0",
      "singapore_indicator": "SG",
      "chile_indicator": "CL",
      "morocco_indicator": "MA",
      "morocco_rate_type_code": "0.0",
      "australia_indicator": "AU",
      "bahrain_indicator": "BH",
      "dr_cafta_indicator": "P",
      "oman_indicator": "OM",
      "peru_indicator": "PE",
      "korea_indicator": "KR",
      "korea_ad_val_rate": 0,
      "korea_rate_type_code": "0.0",
      "korea_specific_rate": "0.0",
      "korea_other_rate": "0.0",
      "colombia_indicator": "CO",
      "panama_indicator": "PA",
      "usmca_indicator": "S",
      "usmca_ad_val_rate": 0,
      "usmca_rate_type_code": "0.0",
      "usmca_specific_rate": "0.0",
      "usmca_other_rate": "0.0",
      "additive_duties": [
        {
          "type": "section_301",
          "name": "Section 301 - China Trade",
          "rate": 25,
          "countries": [
            "CN"
          ],
          "label": "Section 301 (25.0%)"
        }
      ]
    }
  ]
}