{
  "segment": "992",
  "description": "HTS codes starting with 992",
  "count": 2,
  "entries": [
    {
      "hts8": "99210101",
      "brief_description": "Japan goods: Parts of a/c machines of automotive air conditioners of heading 8415",
      "is_chapter_99": true,
      "wto_binding_code": "U",
      "begin_effect_date": "2024-01-01",
      "end_effective_date": "2050-12-31",
      "mfn_ad_val_rate": 0,
      "is_special_provision": false,
      "available_programs": [],
      "additive_duties": [
        {
          "type": "section_301",
          "name": "Section 301 - China Trade",
          "rate": 7.5,
          "countries": [
            "CN"
          ],
          "label": "Section 301 (7.5%)"
        }
      ]
    },
    {
      "hts8": "99210102",
      "brief_description": "Japan goods: Parts of a/c machines other than of automotive air conditioners of heading 8415",
      "is_chapter_99": true,
      "wto_binding_code": "U",
      "begin_effect_date": "2024-01-01",
      "end_effective_date": "2050-12-31",
      "mfn_ad_val_rate": 0,
      "is_special_provision": false,
      "available_programs": [],
      "additive_duties": [
        {
          "type": "section_301",
          "name": "Section 301 - China Trade",
          "rate": 7.5,
          "countries": [
            "CN"
          ],
          "label": "Section 301 (7.5%)"
        }
      ]
    }
  ]
}