{
  "segment": "999",
  "description": "HTS codes starting with 999",
  "count": 3,
  "entries": [
    {
      "hts8": "99990020",
      "brief_description": "Merchandise recovered from a vessel sunk in territorial waters of US and abandoned by owner",
      "is_chapter_99": true,
      "wto_binding_code": "U",
      "mfn_text_rate": "Free",
      "mfn_rate_type_code": "0",
      "col2_text_rate": "Free",
      "col2_rate_type_code": "0",
      "begin_effect_date": "2004-01-01",
      "end_effective_date": "2050-12-31",
      "mfn_ad_val_rate": 0,
      "is_special_provision": false,
      "mfn_specific_rate": 0,
      "mfn_other_rate": 0,
      "col2_ad_val_rate": 0,
      "col2_specific_rate": 0,
      "col2_other_rate": 0,
      "available_programs": [],
      "additive_duties": [
        {
          "type": "section_301",
          "name": "Section 301 - China Trade",
          "rate": 7.5,
          "countries": [
            "CN"
          ],
          "label": "Section 301 (7.5%)"
        }
      ]
    },
    {
      "hts8": "99990084",
      "brief_description": "Goods imported from Singapore and treated as originating goods under general note 25(m) for purposes of US-Singapore FTA",
      "is_chapter_99": true,
      "wto_binding_code": "U",
      "mfn_rate_type_code": "N",
      "col2_rate_type_code": "N",
      "begin_effect_date": "2004-01-01",
      "end_effective_date": "2050-12-31",
      "footnote_comment": "See chapter 99 statistical note 1.",
      "mfn_ad_val_rate": 0,
      "is_special_provision": false,
      "available_programs": [
        {
          "program_key": "singapore",
          "program_name": "Singapore FTA",
          "rate": 0
        }
      ],
      "singapore_indicator": "SG",
      "singapore_ad_val_rate": 0,
      "singapore_rate_type_code": "0.0",
      "singapore_specific_rate": "0.0",
      "singapore_other_rate": "0.0",
      "additive_duties": [
        {
          "type": "section_301",
          "name": "Section 301 - China Trade",
          "rate": 7.5,
          "countries": [
            "CN"
          ],
          "label": "Section 301 (7.5%)"
        }
      ]
    },
    {
      "hts8": "99999500",
      "brief_description": "Estimated imports of low valued transactions",
      "is_chapter_99": true,
      "wto_binding_code": "U",
      "mfn_rate_type_code": "X",
      "col2_rate_type_code": "X",
      "begin_effect_date": "1989-01-01",
      "end_effective_date": "2050-12-31",
      "footnote_comment": "See chapter 99 statistical note 1.",
      "mfn_ad_val_rate": 0,
      "is_special_provision": false,
      "available_programs": [],
      "additive_duties": [
        {
          "type": "section_301",
          "name": "Section 301 - China Trade",
          "rate": 7.5,
          "countries": [
            "CN"
          ],
          "label": "Section 301 (7.5%)"
        }
      ]
    }
  ]
}