{
  "segment": "660",
  "description": "HTS codes starting with 660",
  "count": 8,
  "entries": [
    {
      "hts8": "66011000",
      "brief_description": "Garden or similar umbrellas",
      "is_chapter_99": false,
      "quantity_1_code": "DOZ",
      "wto_binding_code": "B",
      "mfn_text_rate": "6.5%",
      "mfn_rate_type_code": "7",
      "col2_text_rate": "40%",
      "col2_rate_type_code": "7",
      "begin_effect_date": "2020-12-30",
      "end_effective_date": "2050-12-31",
      "mfn_ad_val_rate": 0.065,
      "is_special_provision": false,
      "mfn_specific_rate": 0,
      "mfn_other_rate": 0,
      "col2_ad_val_rate": 0.4,
      "col2_specific_rate": 0,
      "col2_other_rate": 0,
      "ntr_suspended_countries": [
        "RU",
        "BY"
      ],
      "has_special_trade_action": true,
      "trade_action_rate": 40,
      "trade_action_countries": [],
      "trade_action_label": "Trade Action Tariff (40.0%)",
      "available_programs": [
        {
          "program_key": "cbi",
          "program_name": "Caribbean Basin",
          "rate": 0
        },
        {
          "program_key": "jordan",
          "program_name": "Jordan FTA",
          "rate": 0
        },
        {
          "program_key": "singapore",
          "program_name": "Singapore FTA",
          "rate": 0
        },
        {
          "program_key": "chile",
          "program_name": "Chile FTA",
          "rate": 0
        },
        {
          "program_key": "morocco",
          "program_name": "Morocco FTA",
          "rate": 0
        },
        {
          "program_key": "australia",
          "program_name": "Australia FTA",
          "rate": 0
        },
        {
          "program_key": "bahrain",
          "program_name": "Bahrain FTA",
          "rate": 0
        },
        {
          "program_key": "dr_cafta",
          "program_name": "CAFTA-DR",
          "rate": 0
        },
        {
          "program_key": "oman",
          "program_name": "Oman FTA",
          "rate": 0
        },
        {
          "program_key": "peru",
          "program_name": "Peru TPA",
          "rate": 0
        },
        {
          "program_key": "korea",
          "program_name": "Korea FTA",
          "rate": 0
        },
        {
          "program_key": "colombia",
          "program_name": "Colombia TPA",
          "rate": 0
        },
        {
          "program_key": "panama",
          "program_name": "Panama TPA",
          "rate": 0
        },
        {
          "program_key": "usmca",
          "program_name": "USMCA",
          "rate": 0
        }
      ],
      "gsp_indicator": "A*",
      "mexico_rate_type_code": "0",
      "mexico_specific_rate": "0.0",
      "cbi_indicator": "E",
      "cbi_ad_val_rate": 0,
      "cbi_specific_rate": "0.0",
      "agoa_indicator": "D",
      "israel_fta_indicator": "IL",
      "jordan_indicator": "JO",
      "jordan_ad_val_rate": 0,
      "jordan_rate_type_code": "0.0",
      "jordan_specific_rate": "0.0",
      "jordan_other_rate": "0.0",
      "singapore_indicator": "SG",
      "singapore_ad_val_rate": 0,
      "singapore_rate_type_code": "0.0",
      "singapore_specific_rate": "0.0",
      "singapore_other_rate": "0.0",
      "chile_indicator": "CL",
      "chile_ad_val_rate": 0,
      "chile_rate_type_code": "0.0",
      "chile_specific_rate": "0.0",
      "chile_other_rate": "0.0",
      "morocco_indicator": "MA",
      "morocco_ad_val_rate": 0,
      "morocco_rate_type_code": "0.0",
      "morocco_specific_rate": "0.0",
      "morocco_other_rate": "0.0",
      "australia_indicator": "AU",
      "australia_ad_val_rate": 0,
      "australia_rate_type_code": "0.0",
      "australia_specific_rate": "0.0",
      "australia_other_rate": "0.0",
      "bahrain_indicator": "BH",
      "bahrain_ad_val_rate": 0,
      "bahrain_rate_type_code": "0",
      "bahrain_specific_rate": "0.0",
      "bahrain_other_rate": "0.0",
      "dr_cafta_indicator": "P",
      "dr_cafta_ad_val_rate": 0,
      "dr_cafta_rate_type_code": "0",
      "dr_cafta_specific_rate": "0.0",
      "dr_cafta_other_rate": "0.0",
      "oman_indicator": "OM",
      "oman_ad_val_rate": 0,
      "oman_rate_type_code": "0.0",
      "oman_specific_rate": "0.0",
      "oman_other_rate": "0.0",
      "peru_indicator": "PE",
      "peru_ad_val_rate": 0,
      "peru_rate_type_code": "0.0",
      "peru_specific_rate": "0.0",
      "peru_other_rate": "0.0",
      "korea_indicator": "KR",
      "korea_ad_val_rate": 0,
      "korea_rate_type_code": "0.0",
      "korea_specific_rate": "0.0",
      "korea_other_rate": "0.0",
      "colombia_indicator": "CO",
      "colombia_ad_val_rate": 0,
      "colombia_rate_type_code": "0.0",
      "colombia_specific_rate": "0.0",
      "colombia_other_rate": "0.0",
      "panama_indicator": "PA",
      "panama_ad_val_rate": 0,
      "panama_rate_type_code": "0",
      "panama_specific_rate": "0.0",
      "panama_other_rate": "0.0",
      "usmca_indicator": "S",
      "usmca_ad_val_rate": 0,
      "usmca_rate_type_code": "0.0",
      "usmca_specific_rate": "0.0",
      "usmca_other_rate": "0.0",
      "additive_duties": [
        {
          "type": "section_301",
          "name": "Section 301 - China Trade",
          "rate": 25,
          "countries": [
            "CN"
          ],
          "label": "Section 301 (25.0%)"
        }
      ]
    },
    {
      "hts8": "66019100",
      "brief_description": "Umbrellas, other than garden or similar umbrellas, having a telescopic shaft",
      "is_chapter_99": false,
      "quantity_1_code": "DOZ",
      "wto_binding_code": "B",
      "mfn_text_rate": "Free",
      "mfn_rate_type_code": "0",
      "col2_text_rate": "40%",
      "col2_rate_type_code": "7",
      "begin_effect_date": "1999-01-01",
      "end_effective_date": "2050-12-31",
      "mfn_ad_val_rate": 0,
      "is_special_provision": false,
      "mfn_specific_rate": 0,
      "mfn_other_rate": 0,
      "col2_ad_val_rate": 0.4,
      "col2_specific_rate": 0,
      "col2_other_rate": 0,
      "ntr_suspended_countries": [
        "RU",
        "BY"
      ],
      "has_special_trade_action": true,
      "trade_action_rate": 40,
      "trade_action_countries": [],
      "trade_action_label": "Trade Action Tariff (40.0%)",
      "available_programs": [],
      "additive_duties": [
        {
          "type": "section_301",
          "name": "Section 301 - China Trade",
          "rate": 25,
          "countries": [
            "CN"
          ],
          "label": "Section 301 (25.0%)"
        }
      ]
    },
    {
      "hts8": "66019900",
      "brief_description": "Umbrellas, other than garden or similar umbrellas, not having a telescopic shaft",
      "is_chapter_99": false,
      "quantity_1_code": "DOZ",
      "wto_binding_code": "B",
      "mfn_text_rate": "8.2%",
      "mfn_rate_type_code": "7",
      "col2_text_rate": "40%",
      "col2_rate_type_code": "7",
      "begin_effect_date": "2020-07-01",
      "end_effective_date": "2050-12-31",
      "mfn_ad_val_rate": 0.082,
      "is_special_provision": false,
      "mfn_specific_rate": 0,
      "mfn_other_rate": 0,
      "col2_ad_val_rate": 0.4,
      "col2_specific_rate": 0,
      "col2_other_rate": 0,
      "ntr_suspended_countries": [
        "RU",
        "BY"
      ],
      "has_special_trade_action": true,
      "trade_action_rate": 40,
      "trade_action_countries": [],
      "trade_action_label": "Trade Action Tariff (40.0%)",
      "available_programs": [
        {
          "program_key": "cbi",
          "program_name": "Caribbean Basin",
          "rate": 0
        },
        {
          "program_key": "jordan",
          "program_name": "Jordan FTA",
          "rate": 0
        },
        {
          "program_key": "singapore",
          "program_name": "Singapore FTA",
          "rate": 0
        },
        {
          "program_key": "chile",
          "program_name": "Chile FTA",
          "rate": 0
        },
        {
          "program_key": "morocco",
          "program_name": "Morocco FTA",
          "rate": 0
        },
        {
          "program_key": "australia",
          "program_name": "Australia FTA",
          "rate": 0
        },
        {
          "program_key": "bahrain",
          "program_name": "Bahrain FTA",
          "rate": 0
        },
        {
          "program_key": "dr_cafta",
          "program_name": "CAFTA-DR",
          "rate": 0
        },
        {
          "program_key": "oman",
          "program_name": "Oman FTA",
          "rate": 0
        },
        {
          "program_key": "peru",
          "program_name": "Peru TPA",
          "rate": 0
        },
        {
          "program_key": "korea",
          "program_name": "Korea FTA",
          "rate": 0
        },
        {
          "program_key": "colombia",
          "program_name": "Colombia TPA",
          "rate": 0
        },
        {
          "program_key": "panama",
          "program_name": "Panama TPA",
          "rate": 0
        },
        {
          "program_key": "usmca",
          "program_name": "USMCA",
          "rate": 0
        }
      ],
      "gsp_indicator": "A",
      "mexico_rate_type_code": "0",
      "mexico_specific_rate": "0.0",
      "cbi_indicator": "E",
      "cbi_ad_val_rate": 0,
      "cbi_specific_rate": "0.0",
      "agoa_indicator": "D",
      "israel_fta_indicator": "IL",
      "jordan_indicator": "JO",
      "jordan_ad_val_rate": 0,
      "jordan_rate_type_code": "0.0",
      "jordan_specific_rate": "0.0",
      "jordan_other_rate": "0.0",
      "singapore_indicator": "SG",
      "singapore_ad_val_rate": 0,
      "singapore_rate_type_code": "0.0",
      "singapore_specific_rate": "0.0",
      "singapore_other_rate": "0.0",
      "chile_indicator": "CL",
      "chile_ad_val_rate": 0,
      "chile_rate_type_code": "0.0",
      "chile_specific_rate": "0.0",
      "chile_other_rate": "0.0",
      "morocco_indicator": "MA",
      "morocco_ad_val_rate": 0,
      "morocco_rate_type_code": "0.0",
      "morocco_specific_rate": "0.0",
      "morocco_other_rate": "0.0",
      "australia_indicator": "AU",
      "australia_ad_val_rate": 0,
      "australia_rate_type_code": "0.0",
      "australia_specific_rate": "0.0",
      "australia_other_rate": "0.0",
      "bahrain_indicator": "BH",
      "bahrain_ad_val_rate": 0,
      "bahrain_rate_type_code": "0",
      "bahrain_specific_rate": "0.0",
      "bahrain_other_rate": "0.0",
      "dr_cafta_indicator": "P",
      "dr_cafta_ad_val_rate": 0,
      "dr_cafta_rate_type_code": "0",
      "dr_cafta_specific_rate": "0.0",
      "dr_cafta_other_rate": "0.0",
      "oman_indicator": "OM",
      "oman_ad_val_rate": 0,
      "oman_rate_type_code": "0.0",
      "oman_specific_rate": "0.0",
      "oman_other_rate": "0.0",
      "peru_indicator": "PE",
      "peru_ad_val_rate": 0,
      "peru_rate_type_code": "0.0",
      "peru_specific_rate": "0.0",
      "peru_other_rate": "0.0",
      "korea_indicator": "KR",
      "korea_ad_val_rate": 0,
      "korea_rate_type_code": "0.0",
      "korea_specific_rate": "0.0",
      "korea_other_rate": "0.0",
      "colombia_indicator": "CO",
      "colombia_ad_val_rate": 0,
      "colombia_rate_type_code": "0.0",
      "colombia_specific_rate": "0.0",
      "colombia_other_rate": "0.0",
      "panama_indicator": "PA",
      "panama_ad_val_rate": 0,
      "panama_rate_type_code": "0",
      "panama_specific_rate": "0.0",
      "panama_other_rate": "0.0",
      "usmca_indicator": "S",
      "usmca_ad_val_rate": 0,
      "usmca_rate_type_code": "0.0",
      "usmca_specific_rate": "0.0",
      "usmca_other_rate": "0.0",
      "additive_duties": [
        {
          "type": "section_301",
          "name": "Section 301 - China Trade",
          "rate": 25,
          "countries": [
            "CN"
          ],
          "label": "Section 301 (25.0%)"
        }
      ]
    },
    {
      "hts8": "66020000",
      "brief_description": "Walking-sticks, seat-sticks, whips, riding-crops and the like",
      "is_chapter_99": false,
      "quantity_1_code": "NO",
      "wto_binding_code": "B",
      "mfn_text_rate": "4%",
      "mfn_rate_type_code": "7",
      "col2_text_rate": "40%",
      "col2_rate_type_code": "7",
      "begin_effect_date": "2020-07-01",
      "end_effective_date": "2050-12-31",
      "mfn_ad_val_rate": 0.04,
      "is_special_provision": false,
      "mfn_specific_rate": 0,
      "mfn_other_rate": 0,
      "col2_ad_val_rate": 0.4,
      "col2_specific_rate": 0,
      "col2_other_rate": 0,
      "ntr_suspended_countries": [
        "RU",
        "BY"
      ],
      "has_special_trade_action": true,
      "trade_action_rate": 40,
      "trade_action_countries": [],
      "trade_action_label": "Trade Action Tariff (40.0%)",
      "available_programs": [
        {
          "program_key": "cbi",
          "program_name": "Caribbean Basin",
          "rate": 0
        },
        {
          "program_key": "jordan",
          "program_name": "Jordan FTA",
          "rate": 0
        },
        {
          "program_key": "singapore",
          "program_name": "Singapore FTA",
          "rate": 0
        },
        {
          "program_key": "chile",
          "program_name": "Chile FTA",
          "rate": 0
        },
        {
          "program_key": "morocco",
          "program_name": "Morocco FTA",
          "rate": 0
        },
        {
          "program_key": "australia",
          "program_name": "Australia FTA",
          "rate": 0
        },
        {
          "program_key": "bahrain",
          "program_name": "Bahrain FTA",
          "rate": 0
        },
        {
          "program_key": "dr_cafta",
          "program_name": "CAFTA-DR",
          "rate": 0
        },
        {
          "program_key": "oman",
          "program_name": "Oman FTA",
          "rate": 0
        },
        {
          "program_key": "peru",
          "program_name": "Peru TPA",
          "rate": 0
        },
        {
          "program_key": "korea",
          "program_name": "Korea FTA",
          "rate": 0
        },
        {
          "program_key": "colombia",
          "program_name": "Colombia TPA",
          "rate": 0
        },
        {
          "program_key": "panama",
          "program_name": "Panama TPA",
          "rate": 0
        },
        {
          "program_key": "usmca",
          "program_name": "USMCA",
          "rate": 0
        }
      ],
      "gsp_indicator": "A",
      "mexico_rate_type_code": "0",
      "mexico_specific_rate": "0.0",
      "cbi_indicator": "E",
      "cbi_ad_val_rate": 0,
      "cbi_specific_rate": "0.0",
      "agoa_indicator": "D",
      "israel_fta_indicator": "IL",
      "jordan_indicator": "JO",
      "jordan_ad_val_rate": 0,
      "jordan_rate_type_code": "0.0",
      "jordan_specific_rate": "0.0",
      "jordan_other_rate": "0.0",
      "singapore_indicator": "SG",
      "singapore_ad_val_rate": 0,
      "singapore_rate_type_code": "0.0",
      "singapore_specific_rate": "0.0",
      "singapore_other_rate": "0.0",
      "chile_indicator": "CL",
      "chile_ad_val_rate": 0,
      "chile_rate_type_code": "0.0",
      "chile_specific_rate": "0.0",
      "chile_other_rate": "0.0",
      "morocco_indicator": "MA",
      "morocco_ad_val_rate": 0,
      "morocco_rate_type_code": "0.0",
      "morocco_specific_rate": "0.0",
      "morocco_other_rate": "0.0",
      "australia_indicator": "AU",
      "australia_ad_val_rate": 0,
      "australia_rate_type_code": "0.0",
      "australia_specific_rate": "0.0",
      "australia_other_rate": "0.0",
      "bahrain_indicator": "BH",
      "bahrain_ad_val_rate": 0,
      "bahrain_rate_type_code": "0",
      "bahrain_specific_rate": "0.0",
      "bahrain_other_rate": "0.0",
      "dr_cafta_indicator": "P",
      "dr_cafta_ad_val_rate": 0,
      "dr_cafta_rate_type_code": "0",
      "dr_cafta_specific_rate": "0.0",
      "dr_cafta_other_rate": "0.0",
      "oman_indicator": "OM",
      "oman_ad_val_rate": 0,
      "oman_rate_type_code": "0.0",
      "oman_specific_rate": "0.0",
      "oman_other_rate": "0.0",
      "peru_indicator": "PE",
      "peru_ad_val_rate": 0,
      "peru_rate_type_code": "0.0",
      "peru_specific_rate": "0.0",
      "peru_other_rate": "0.0",
      "korea_indicator": "KR",
      "korea_ad_val_rate": 0,
      "korea_rate_type_code": "0.0",
      "korea_specific_rate": "0.0",
      "korea_other_rate": "0.0",
      "colombia_indicator": "CO",
      "colombia_ad_val_rate": 0,
      "colombia_rate_type_code": "0.0",
      "colombia_specific_rate": "0.0",
      "colombia_other_rate": "0.0",
      "panama_indicator": "PA",
      "panama_ad_val_rate": 0,
      "panama_rate_type_code": "0",
      "panama_specific_rate": "0.0",
      "panama_other_rate": "0.0",
      "usmca_indicator": "S",
      "usmca_ad_val_rate": 0,
      "usmca_rate_type_code": "0.0",
      "usmca_specific_rate": "0.0",
      "usmca_other_rate": "0.0",
      "additive_duties": [
        {
          "type": "section_301",
          "name": "Section 301 - China Trade",
          "rate": 25,
          "countries": [
            "CN"
          ],
          "label": "Section 301 (25.0%)"
        }
      ]
    },
    {
      "hts8": "66032030",
      "brief_description": "Umbrella frames, including frames mounted on shafts (sticks), for hand-held umbrellas chiefly used for protection against rain",
      "is_chapter_99": false,
      "quantity_1_code": "NO",
      "wto_binding_code": "B",
      "mfn_text_rate": "Free",
      "mfn_rate_type_code": "0",
      "col2_text_rate": "60%",
      "col2_rate_type_code": "7",
      "begin_effect_date": "1995-01-01",
      "end_effective_date": "2050-12-31",
      "mfn_ad_val_rate": 0,
      "is_special_provision": false,
      "mfn_specific_rate": 0,
      "mfn_other_rate": 0,
      "col2_ad_val_rate": 0.6,
      "col2_specific_rate": 0,
      "col2_other_rate": 0,
      "ntr_suspended_countries": [
        "RU",
        "BY"
      ],
      "has_special_trade_action": true,
      "trade_action_rate": 60,
      "trade_action_countries": [],
      "trade_action_label": "Trade Action Tariff (60.0%)",
      "available_programs": [],
      "additive_duties": [
        {
          "type": "section_301",
          "name": "Section 301 - China Trade",
          "rate": 25,
          "countries": [
            "CN"
          ],
          "label": "Section 301 (25.0%)"
        }
      ]
    },
    {
      "hts8": "66032090",
      "brief_description": "Umbrella frames, including frames mounted on shafts (sticks), other than for hand-held rain umbrellas, nesoi",
      "is_chapter_99": false,
      "quantity_1_code": "NO",
      "wto_binding_code": "B",
      "mfn_text_rate": "12%",
      "mfn_rate_type_code": "7",
      "col2_text_rate": "60%",
      "col2_rate_type_code": "7",
      "begin_effect_date": "2020-07-01",
      "end_effective_date": "2050-12-31",
      "mfn_ad_val_rate": 0.12,
      "is_special_provision": false,
      "mfn_specific_rate": 0,
      "mfn_other_rate": 0,
      "col2_ad_val_rate": 0.6,
      "col2_specific_rate": 0,
      "col2_other_rate": 0,
      "ntr_suspended_countries": [
        "RU",
        "BY"
      ],
      "has_special_trade_action": true,
      "trade_action_rate": 60,
      "trade_action_countries": [],
      "trade_action_label": "Trade Action Tariff (60.0%)",
      "available_programs": [
        {
          "program_key": "cbi",
          "program_name": "Caribbean Basin",
          "rate": 0
        },
        {
          "program_key": "jordan",
          "program_name": "Jordan FTA",
          "rate": 0
        },
        {
          "program_key": "singapore",
          "program_name": "Singapore FTA",
          "rate": 0
        },
        {
          "program_key": "chile",
          "program_name": "Chile FTA",
          "rate": 0
        },
        {
          "program_key": "morocco",
          "program_name": "Morocco FTA",
          "rate": 0
        },
        {
          "program_key": "australia",
          "program_name": "Australia FTA",
          "rate": 0
        },
        {
          "program_key": "bahrain",
          "program_name": "Bahrain FTA",
          "rate": 0
        },
        {
          "program_key": "dr_cafta",
          "program_name": "CAFTA-DR",
          "rate": 0
        },
        {
          "program_key": "oman",
          "program_name": "Oman FTA",
          "rate": 0
        },
        {
          "program_key": "peru",
          "program_name": "Peru TPA",
          "rate": 0
        },
        {
          "program_key": "korea",
          "program_name": "Korea FTA",
          "rate": 0
        },
        {
          "program_key": "colombia",
          "program_name": "Colombia TPA",
          "rate": 0
        },
        {
          "program_key": "panama",
          "program_name": "Panama TPA",
          "rate": 0
        },
        {
          "program_key": "usmca",
          "program_name": "USMCA",
          "rate": 0
        }
      ],
      "gsp_indicator": "A",
      "mexico_rate_type_code": "0",
      "mexico_specific_rate": "0.0",
      "cbi_indicator": "E",
      "cbi_ad_val_rate": 0,
      "cbi_specific_rate": "0.0",
      "agoa_indicator": "D",
      "israel_fta_indicator": "IL",
      "jordan_indicator": "JO",
      "jordan_ad_val_rate": 0,
      "jordan_rate_type_code": "0.0",
      "jordan_specific_rate": "0.0",
      "jordan_other_rate": "0.0",
      "singapore_indicator": "SG",
      "singapore_ad_val_rate": 0,
      "singapore_rate_type_code": "0.0",
      "singapore_specific_rate": "0.0",
      "singapore_other_rate": "0.0",
      "chile_indicator": "CL",
      "chile_ad_val_rate": 0,
      "chile_rate_type_code": "0.0",
      "chile_specific_rate": "0.0",
      "chile_other_rate": "0.0",
      "morocco_indicator": "MA",
      "morocco_ad_val_rate": 0,
      "morocco_rate_type_code": "0.0",
      "morocco_specific_rate": "0.0",
      "morocco_other_rate": "0.0",
      "australia_indicator": "AU",
      "australia_ad_val_rate": 0,
      "australia_rate_type_code": "0.0",
      "australia_specific_rate": "0.0",
      "australia_other_rate": "0.0",
      "bahrain_indicator": "BH",
      "bahrain_ad_val_rate": 0,
      "bahrain_rate_type_code": "0",
      "bahrain_specific_rate": "0.0",
      "bahrain_other_rate": "0.0",
      "dr_cafta_indicator": "P",
      "dr_cafta_ad_val_rate": 0,
      "dr_cafta_rate_type_code": "0",
      "dr_cafta_specific_rate": "0.0",
      "dr_cafta_other_rate": "0.0",
      "oman_indicator": "OM",
      "oman_ad_val_rate": 0,
      "oman_rate_type_code": "0.0",
      "oman_specific_rate": "0.0",
      "oman_other_rate": "0.0",
      "peru_indicator": "PE",
      "peru_ad_val_rate": 0,
      "peru_rate_type_code": "0.0",
      "peru_specific_rate": "0.0",
      "peru_other_rate": "0.0",
      "korea_indicator": "KR",
      "korea_ad_val_rate": 0,
      "korea_rate_type_code": "0.0",
      "korea_specific_rate": "0.0",
      "korea_other_rate": "0.0",
      "colombia_indicator": "CO",
      "colombia_ad_val_rate": 0,
      "colombia_rate_type_code": "0.0",
      "colombia_specific_rate": "0.0",
      "colombia_other_rate": "0.0",
      "panama_indicator": "PA",
      "panama_ad_val_rate": 0,
      "panama_rate_type_code": "0",
      "panama_specific_rate": "0.0",
      "panama_other_rate": "0.0",
      "usmca_indicator": "S",
      "usmca_ad_val_rate": 0,
      "usmca_rate_type_code": "0.0",
      "usmca_specific_rate": "0.0",
      "usmca_other_rate": "0.0",
      "additive_duties": [
        {
          "type": "section_301",
          "name": "Section 301 - China Trade",
          "rate": 25,
          "countries": [
            "CN"
          ],
          "label": "Section 301 (25.0%)"
        }
      ]
    },
    {
      "hts8": "66039041",
      "brief_description": "Umbrella handles, knobs, tips and caps",
      "is_chapter_99": false,
      "quantity_1_code": "KG",
      "wto_binding_code": "B",
      "mfn_text_rate": "Free",
      "mfn_rate_type_code": "0",
      "col2_text_rate": "45%",
      "col2_rate_type_code": "7",
      "begin_effect_date": "2007-01-01",
      "end_effective_date": "2050-12-31",
      "mfn_ad_val_rate": 0,
      "is_special_provision": false,
      "mfn_specific_rate": 0,
      "mfn_other_rate": 0,
      "col2_ad_val_rate": 0.45,
      "col2_specific_rate": 0,
      "col2_other_rate": 0,
      "ntr_suspended_countries": [
        "RU",
        "BY"
      ],
      "has_special_trade_action": true,
      "trade_action_rate": 45,
      "trade_action_countries": [],
      "trade_action_label": "Trade Action Tariff (45.0%)",
      "available_programs": [],
      "additive_duties": [
        {
          "type": "section_301",
          "name": "Section 301 - China Trade",
          "rate": 25,
          "countries": [
            "CN"
          ],
          "label": "Section 301 (25.0%)"
        }
      ]
    },
    {
      "hts8": "66039081",
      "brief_description": "Handles, knobs, other parts, trimmings or accessories for walking sticks, seat-sticks, whips, riding crops and the like",
      "is_chapter_99": false,
      "quantity_1_code": "KG",
      "wto_binding_code": "B",
      "mfn_text_rate": "5.2%",
      "mfn_rate_type_code": "7",
      "col2_text_rate": "45%",
      "col2_rate_type_code": "7",
      "begin_effect_date": "2020-07-01",
      "end_effective_date": "2050-12-31",
      "mfn_ad_val_rate": 0.052,
      "is_special_provision": false,
      "mfn_specific_rate": 0,
      "mfn_other_rate": 0,
      "col2_ad_val_rate": 0.45,
      "col2_specific_rate": 0,
      "col2_other_rate": 0,
      "ntr_suspended_countries": [
        "RU",
        "BY"
      ],
      "has_special_trade_action": true,
      "trade_action_rate": 45,
      "trade_action_countries": [],
      "trade_action_label": "Trade Action Tariff (45.0%)",
      "available_programs": [
        {
          "program_key": "cbi",
          "program_name": "Caribbean Basin",
          "rate": 0
        },
        {
          "program_key": "jordan",
          "program_name": "Jordan FTA",
          "rate": 0
        },
        {
          "program_key": "singapore",
          "program_name": "Singapore FTA",
          "rate": 0
        },
        {
          "program_key": "chile",
          "program_name": "Chile FTA",
          "rate": 0
        },
        {
          "program_key": "morocco",
          "program_name": "Morocco FTA",
          "rate": 0
        },
        {
          "program_key": "australia",
          "program_name": "Australia FTA",
          "rate": 0
        },
        {
          "program_key": "bahrain",
          "program_name": "Bahrain FTA",
          "rate": 0
        },
        {
          "program_key": "dr_cafta",
          "program_name": "CAFTA-DR",
          "rate": 0
        },
        {
          "program_key": "oman",
          "program_name": "Oman FTA",
          "rate": 0
        },
        {
          "program_key": "peru",
          "program_name": "Peru TPA",
          "rate": 0
        },
        {
          "program_key": "korea",
          "program_name": "Korea FTA",
          "rate": 0
        },
        {
          "program_key": "colombia",
          "program_name": "Colombia TPA",
          "rate": 0
        },
        {
          "program_key": "panama",
          "program_name": "Panama TPA",
          "rate": 0
        },
        {
          "program_key": "usmca",
          "program_name": "USMCA",
          "rate": 0
        }
      ],
      "gsp_indicator": "A",
      "mexico_rate_type_code": "0",
      "mexico_specific_rate": "0.0",
      "cbi_indicator": "E",
      "cbi_ad_val_rate": 0,
      "cbi_specific_rate": "0.0",
      "agoa_indicator": "D",
      "israel_fta_indicator": "IL",
      "jordan_indicator": "JO",
      "jordan_ad_val_rate": 0,
      "jordan_rate_type_code": "0.0",
      "jordan_specific_rate": "0.0",
      "jordan_other_rate": "0.0",
      "singapore_indicator": "SG",
      "singapore_ad_val_rate": 0,
      "singapore_rate_type_code": "0.0",
      "singapore_specific_rate": "0.0",
      "singapore_other_rate": "0.0",
      "chile_indicator": "CL",
      "chile_ad_val_rate": 0,
      "chile_rate_type_code": "0.0",
      "chile_specific_rate": "0.0",
      "chile_other_rate": "0.0",
      "morocco_indicator": "MA",
      "morocco_ad_val_rate": 0,
      "morocco_rate_type_code": "0.0",
      "morocco_specific_rate": "0.0",
      "morocco_other_rate": "0.0",
      "australia_indicator": "AU",
      "australia_ad_val_rate": 0,
      "australia_rate_type_code": "0.0",
      "australia_specific_rate": "0.0",
      "australia_other_rate": "0.0",
      "bahrain_indicator": "BH",
      "bahrain_ad_val_rate": 0,
      "bahrain_rate_type_code": "0",
      "bahrain_specific_rate": "0.0",
      "bahrain_other_rate": "0.0",
      "dr_cafta_indicator": "P",
      "dr_cafta_ad_val_rate": 0,
      "dr_cafta_rate_type_code": "0",
      "dr_cafta_specific_rate": "0.0",
      "dr_cafta_other_rate": "0.0",
      "oman_indicator": "OM",
      "oman_ad_val_rate": 0,
      "oman_rate_type_code": "0.0",
      "oman_specific_rate": "0.0",
      "oman_other_rate": "0.0",
      "peru_indicator": "PE",
      "peru_ad_val_rate": 0,
      "peru_rate_type_code": "0.0",
      "peru_specific_rate": "0.0",
      "peru_other_rate": "0.0",
      "korea_indicator": "KR",
      "korea_ad_val_rate": 0,
      "korea_rate_type_code": "0.0",
      "korea_specific_rate": "0.0",
      "korea_other_rate": "0.0",
      "colombia_indicator": "CO",
      "colombia_ad_val_rate": 0,
      "colombia_rate_type_code": "0.0",
      "colombia_specific_rate": "0.0",
      "colombia_other_rate": "0.0",
      "panama_indicator": "PA",
      "panama_ad_val_rate": 0,
      "panama_rate_type_code": "0",
      "panama_specific_rate": "0.0",
      "panama_other_rate": "0.0",
      "usmca_indicator": "S",
      "usmca_ad_val_rate": 0,
      "usmca_rate_type_code": "0.0",
      "usmca_specific_rate": "0.0",
      "usmca_other_rate": "0.0",
      "additive_duties": [
        {
          "type": "section_301",
          "name": "Section 301 - China Trade",
          "rate": 25,
          "countries": [
            "CN"
          ],
          "label": "Section 301 (25.0%)"
        }
      ]
    }
  ]
}